Cluster_A,Cluster_B
MZ22523024:ACUA002041:Anopheles_culicifacies.KI425380:7891-8301:+,MZ22514750:AGAP012534:Anopheles_gambiae.UNKN:11990889-11991197:+
MZ22514725:AGAP007354:Anopheles_gambiae.2L:46008993-46011382:+,MZ22502949:AALB004521:Anopheles_albimanus.KB672286:7475664-7481591:+
MZ22514725:AGAP007354:Anopheles_gambiae.2L:46008993-46011382:+,MZ22502949:AARA007970:Anopheles_arabiensis.KB704125:13023630-13034119:+
MZ22514725:AGAP007354:Anopheles_gambiae.2L:46008993-46011382:+,MZ22502949:AATE004700:Anopheles_atroparvus.KI421884:10571075-10573376:+
MZ22514725:AGAP007354:Anopheles_gambiae.2L:46008993-46011382:+,MZ22502949:ACHR001263:Anopheles_christyi.KB700792:44529-54831:-
MZ22514725:AGAP007354:Anopheles_gambiae.2L:46008993-46011382:+,MZ22502949:ACUA022482:Anopheles_culicifacies.AXCM01011640:5069-7425:+
MZ22514725:AGAP007354:Anopheles_gambiae.2L:46008993-46011382:+,MZ22502949:ADIR007318:Anopheles_dirus.KB672490:4888412-4899166:-
MZ22514725:AGAP007354:Anopheles_gambiae.2L:46008993-46011382:+,MZ22502949:AEPI009519:Anopheles_epiroticus.KB672076:443514-453698:+
MZ22514725:AGAP007354:Anopheles_gambiae.2L:46008993-46011382:+,MZ22502949:AFUN002040:Anopheles_funestus.KB669458:108688-122187:+
MZ22514725:AGAP007354:Anopheles_gambiae.2L:46008993-46011382:+,MZ22502949:AMIN010517:Anopheles_minimus.KB663721:2994084-3005147:-
MZ22514725:AGAP007354:Anopheles_gambiae.2L:46008993-46011382:+,MZ22502949:AQUA004524:Anopheles_quadriannulatus.KB665954:2233338-2244125:-
MZ22514725:AGAP007354:Anopheles_gambiae.2L:46008993-46011382:+,MZ22502949:ASIS020197:Anopheles_sinensis.KI398167:64407-67137:+
MZ22514725:AGAP007354:Anopheles_gambiae.2L:46008993-46011382:+,MZ22502949:ASTE005852:Anopheles_stephensi.KB664289:957700-963458:+
MZ22514725:AMEC005293:Anopheles_melas.KI427838:3804-6159:-,MZ22502949:AALB004521:Anopheles_albimanus.KB672286:7475664-7481591:+
MZ22514725:AMEC005293:Anopheles_melas.KI427838:3804-6159:-,MZ22502949:AARA007970:Anopheles_arabiensis.KB704125:13023630-13034119:+
MZ22514725:AMEC005293:Anopheles_melas.KI427838:3804-6159:-,MZ22502949:AATE004700:Anopheles_atroparvus.KI421884:10571075-10573376:+
MZ22514725:AMEC005293:Anopheles_melas.KI427838:3804-6159:-,MZ22502949:ACHR001263:Anopheles_christyi.KB700792:44529-54831:-
MZ22514725:AMEC005293:Anopheles_melas.KI427838:3804-6159:-,MZ22502949:ACUA022482:Anopheles_culicifacies.AXCM01011640:5069-7425:+
MZ22514725:AMEC005293:Anopheles_melas.KI427838:3804-6159:-,MZ22502949:ADIR007318:Anopheles_dirus.KB672490:4888412-4899166:-
MZ22514725:AMEC005293:Anopheles_melas.KI427838:3804-6159:-,MZ22502949:AEPI009519:Anopheles_epiroticus.KB672076:443514-453698:+
MZ22514725:AMEC005293:Anopheles_melas.KI427838:3804-6159:-,MZ22502949:AFUN002040:Anopheles_funestus.KB669458:108688-122187:+
MZ22514725:AMEC005293:Anopheles_melas.KI427838:3804-6159:-,MZ22502949:AMIN010517:Anopheles_minimus.KB663721:2994084-3005147:-
MZ22514725:AMEC005293:Anopheles_melas.KI427838:3804-6159:-,MZ22502949:AQUA004524:Anopheles_quadriannulatus.KB665954:2233338-2244125:-
MZ22514725:AMEC005293:Anopheles_melas.KI427838:3804-6159:-,MZ22502949:ASIS020197:Anopheles_sinensis.KI398167:64407-67137:+
MZ22514725:AMEC005293:Anopheles_melas.KI427838:3804-6159:-,MZ22502949:ASTE005852:Anopheles_stephensi.KB664289:957700-963458:+
MZ22514725:AMEM017160:Anopheles_merus.KI438994:192755-195221:+,MZ22502949:AALB004521:Anopheles_albimanus.KB672286:7475664-7481591:+
MZ22514725:AMEM017160:Anopheles_merus.KI438994:192755-195221:+,MZ22502949:AARA007970:Anopheles_arabiensis.KB704125:13023630-13034119:+
MZ22514725:AMEM017160:Anopheles_merus.KI438994:192755-195221:+,MZ22502949:AATE004700:Anopheles_atroparvus.KI421884:10571075-10573376:+
MZ22514725:AMEM017160:Anopheles_merus.KI438994:192755-195221:+,MZ22502949:ACHR001263:Anopheles_christyi.KB700792:44529-54831:-
MZ22514725:AMEM017160:Anopheles_merus.KI438994:192755-195221:+,MZ22502949:ACUA022482:Anopheles_culicifacies.AXCM01011640:5069-7425:+
MZ22514725:AMEM017160:Anopheles_merus.KI438994:192755-195221:+,MZ22502949:ADIR007318:Anopheles_dirus.KB672490:4888412-4899166:-
MZ22514725:AMEM017160:Anopheles_merus.KI438994:192755-195221:+,MZ22502949:AEPI009519:Anopheles_epiroticus.KB672076:443514-453698:+
MZ22514725:AMEM017160:Anopheles_merus.KI438994:192755-195221:+,MZ22502949:AFUN002040:Anopheles_funestus.KB669458:108688-122187:+
MZ22514725:AMEM017160:Anopheles_merus.KI438994:192755-195221:+,MZ22502949:AMIN010517:Anopheles_minimus.KB663721:2994084-3005147:-
MZ22514725:AMEM017160:Anopheles_merus.KI438994:192755-195221:+,MZ22502949:AQUA004524:Anopheles_quadriannulatus.KB665954:2233338-2244125:-
MZ22514725:AMEM017160:Anopheles_merus.KI438994:192755-195221:+,MZ22502949:ASIS020197:Anopheles_sinensis.KI398167:64407-67137:+
MZ22514725:AMEM017160:Anopheles_merus.KI438994:192755-195221:+,MZ22502949:ASTE005852:Anopheles_stephensi.KB664289:957700-963458:+
MZ22514725:AGAP007354:Anopheles_gambiae.2L:46008993-46011382:+,MZ22502949:AATE004700:Anopheles_atroparvus.KI421884:10571075-10573376:+
MZ22514725:AGAP007354:Anopheles_gambiae.2L:46008993-46011382:+,MZ22502949:ACUA023557:Anopheles_culicifacies.KI424623:2890-10979:+
MZ22514725:AGAP007354:Anopheles_gambiae.2L:46008993-46011382:+,MZ22502949:ADAC005074:Anopheles_darlingi.scaffold_47:22315-24713:+
MZ22514725:AGAP007354:Anopheles_gambiae.2L:46008993-46011382:+,MZ22502949:AFAF020814:Anopheles_farauti.KI421570:263507-264607:-
MZ22514725:AGAP007354:Anopheles_gambiae.2L:46008993-46011382:+,MZ22502949:ASIS020197:Anopheles_sinensis.KI398167:64407-67137:+
MZ22514725:AMEC005293:Anopheles_melas.KI427838:3804-6159:-,MZ22502949:AATE004700:Anopheles_atroparvus.KI421884:10571075-10573376:+
MZ22514725:AMEC005293:Anopheles_melas.KI427838:3804-6159:-,MZ22502949:ACUA023557:Anopheles_culicifacies.KI424623:2890-10979:+
MZ22514725:AMEC005293:Anopheles_melas.KI427838:3804-6159:-,MZ22502949:ADAC005074:Anopheles_darlingi.scaffold_47:22315-24713:+
MZ22514725:AMEC005293:Anopheles_melas.KI427838:3804-6159:-,MZ22502949:AFAF020814:Anopheles_farauti.KI421570:263507-264607:-
MZ22514725:AMEC005293:Anopheles_melas.KI427838:3804-6159:-,MZ22502949:ASIS020197:Anopheles_sinensis.KI398167:64407-67137:+
MZ22514725:AMEM017160:Anopheles_merus.KI438994:192755-195221:+,MZ22502949:AATE004700:Anopheles_atroparvus.KI421884:10571075-10573376:+
MZ22514725:AMEM017160:Anopheles_merus.KI438994:192755-195221:+,MZ22502949:ACUA023557:Anopheles_culicifacies.KI424623:2890-10979:+
MZ22514725:AMEM017160:Anopheles_merus.KI438994:192755-195221:+,MZ22502949:ADAC005074:Anopheles_darlingi.scaffold_47:22315-24713:+
MZ22514725:AMEM017160:Anopheles_merus.KI438994:192755-195221:+,MZ22502949:AFAF020814:Anopheles_farauti.KI421570:263507-264607:-
MZ22514725:AMEM017160:Anopheles_merus.KI438994:192755-195221:+,MZ22502949:ASIS020197:Anopheles_sinensis.KI398167:64407-67137:+
MZ22518612:AGAP001816:Anopheles_gambiae.2R:10866333-10867233:-,MZ22503849:ACUA020041:Anopheles_culicifacies.AXCM01001504:14997-15868:+
MZ22518612:AGAP001816:Anopheles_gambiae.2R:10866333-10867233:-,MZ22503849:AFUN007988:Anopheles_funestus.KB668947:1885514-1887676:-
MZ22518612:AMEC001998:Anopheles_melas.AXCO01007019:10560-11454:-,MZ22503849:ACUA020041:Anopheles_culicifacies.AXCM01001504:14997-15868:+
MZ22518612:AMEC001998:Anopheles_melas.AXCO01007019:10560-11454:-,MZ22503849:AFUN007988:Anopheles_funestus.KB668947:1885514-1887676:-
MZ22518612:AMEM017680:Anopheles_merus.KI439297:11817-12736:-,MZ22503849:ACUA020041:Anopheles_culicifacies.AXCM01001504:14997-15868:+
MZ22518612:AMEM017680:Anopheles_merus.KI439297:11817-12736:-,MZ22503849:AFUN007988:Anopheles_funestus.KB668947:1885514-1887676:-
MZ22518612:AGAP001816:Anopheles_gambiae.2R:10866333-10867233:-,MZ22503849:ACUA020041:Anopheles_culicifacies.AXCM01001504:14997-15868:+
MZ22518612:AGAP001816:Anopheles_gambiae.2R:10866333-10867233:-,MZ22503849:AEPI002222:Anopheles_epiroticus.KB670414:26243-28749:-
MZ22518612:AGAP001816:Anopheles_gambiae.2R:10866333-10867233:-,MZ22503849:AFAF000461:Anopheles_farauti.KI421539:2185342-2187644:+
MZ22518612:AGAP001816:Anopheles_gambiae.2R:10866333-10867233:-,MZ22503849:AMAM014151:Anopheles_maculatus.AXCL01026543:253-1125:+
MZ22518612:AMEC001998:Anopheles_melas.AXCO01007019:10560-11454:-,MZ22503849:ACUA020041:Anopheles_culicifacies.AXCM01001504:14997-15868:+
MZ22518612:AMEC001998:Anopheles_melas.AXCO01007019:10560-11454:-,MZ22503849:AEPI002222:Anopheles_epiroticus.KB670414:26243-28749:-
MZ22518612:AMEC001998:Anopheles_melas.AXCO01007019:10560-11454:-,MZ22503849:AFAF000461:Anopheles_farauti.KI421539:2185342-2187644:+
MZ22518612:AMEC001998:Anopheles_melas.AXCO01007019:10560-11454:-,MZ22503849:AMAM014151:Anopheles_maculatus.AXCL01026543:253-1125:+
MZ22518612:AMEM017680:Anopheles_merus.KI439297:11817-12736:-,MZ22503849:ACUA020041:Anopheles_culicifacies.AXCM01001504:14997-15868:+
MZ22518612:AMEM017680:Anopheles_merus.KI439297:11817-12736:-,MZ22503849:AEPI002222:Anopheles_epiroticus.KB670414:26243-28749:-
MZ22518612:AMEM017680:Anopheles_merus.KI439297:11817-12736:-,MZ22503849:AFAF000461:Anopheles_farauti.KI421539:2185342-2187644:+
MZ22518612:AMEM017680:Anopheles_merus.KI439297:11817-12736:-,MZ22503849:AMAM014151:Anopheles_maculatus.AXCL01026543:253-1125:+
MZ22517038:AALB004577:Anopheles_albimanus.KB672286:8333231-8341136:+,MZ22509079:AARA007482:Anopheles_arabiensis.KB704125:4348981-4360119:-
MZ22517038:AALB004577:Anopheles_albimanus.KB672286:8333231-8341136:+,MZ22509079:AATE019063:Anopheles_atroparvus.KI421884:5161144-5170941:-
MZ22517038:AALB004577:Anopheles_albimanus.KB672286:8333231-8341136:+,MZ22509079:ACUA003344:Anopheles_culicifacies.KI423009:21082-30841:+
MZ22517038:AALB004577:Anopheles_albimanus.KB672286:8333231-8341136:+,MZ22509079:ADIR008126:Anopheles_dirus.KB672490:20178072-20187894:+
MZ22517038:AALB004577:Anopheles_albimanus.KB672286:8333231-8341136:+,MZ22509079:AFUN001983:Anopheles_funestus.KB669491:368017-377693:-
MZ22517038:AALB004577:Anopheles_albimanus.KB672286:8333231-8341136:+,MZ22509079:AMEC005146:Anopheles_melas.KI428458:18535-29066:+
MZ22517038:AALB004577:Anopheles_albimanus.KB672286:8333231-8341136:+,MZ22509079:AMEM012528:Anopheles_merus.KI439095:200069-211114:-
MZ22517038:AALB004577:Anopheles_albimanus.KB672286:8333231-8341136:+,MZ22509079:AMIN007531:Anopheles_minimus.KB664165:94188-104506:-
MZ22517038:AALB004577:Anopheles_albimanus.KB672286:8333231-8341136:+,MZ22509079:AQUA010927:Anopheles_quadriannulatus.KB667700:483173-494341:+
MZ22517038:AALB004577:Anopheles_albimanus.KB672286:8333231-8341136:+,MZ22509079:ASTE002753:Anopheles_stephensi.KB665010:668050-678648:-
MZ22517038:ADAC006954:Anopheles_darlingi.scaffold_98:191801-200555:-,MZ22509079:AARA007482:Anopheles_arabiensis.KB704125:4348981-4360119:-
MZ22517038:ADAC006954:Anopheles_darlingi.scaffold_98:191801-200555:-,MZ22509079:AATE019063:Anopheles_atroparvus.KI421884:5161144-5170941:-
MZ22517038:ADAC006954:Anopheles_darlingi.scaffold_98:191801-200555:-,MZ22509079:ACUA003344:Anopheles_culicifacies.KI423009:21082-30841:+
MZ22517038:ADAC006954:Anopheles_darlingi.scaffold_98:191801-200555:-,MZ22509079:ADIR008126:Anopheles_dirus.KB672490:20178072-20187894:+
MZ22517038:ADAC006954:Anopheles_darlingi.scaffold_98:191801-200555:-,MZ22509079:AFUN001983:Anopheles_funestus.KB669491:368017-377693:-
MZ22517038:ADAC006954:Anopheles_darlingi.scaffold_98:191801-200555:-,MZ22509079:AMEC005146:Anopheles_melas.KI428458:18535-29066:+
MZ22517038:ADAC006954:Anopheles_darlingi.scaffold_98:191801-200555:-,MZ22509079:AMEM012528:Anopheles_merus.KI439095:200069-211114:-
MZ22517038:ADAC006954:Anopheles_darlingi.scaffold_98:191801-200555:-,MZ22509079:AMIN007531:Anopheles_minimus.KB664165:94188-104506:-
MZ22517038:ADAC006954:Anopheles_darlingi.scaffold_98:191801-200555:-,MZ22509079:AQUA010927:Anopheles_quadriannulatus.KB667700:483173-494341:+
MZ22517038:ADAC006954:Anopheles_darlingi.scaffold_98:191801-200555:-,MZ22509079:ASTE002753:Anopheles_stephensi.KB665010:668050-678648:-
MZ22517038:AEPI007208:Anopheles_epiroticus.KB670147:321471-330695:-,MZ22509079:AARA007482:Anopheles_arabiensis.KB704125:4348981-4360119:-
MZ22517038:AEPI007208:Anopheles_epiroticus.KB670147:321471-330695:-,MZ22509079:AATE019063:Anopheles_atroparvus.KI421884:5161144-5170941:-
MZ22517038:AEPI007208:Anopheles_epiroticus.KB670147:321471-330695:-,MZ22509079:ACUA003344:Anopheles_culicifacies.KI423009:21082-30841:+
MZ22517038:AEPI007208:Anopheles_epiroticus.KB670147:321471-330695:-,MZ22509079:ADIR008126:Anopheles_dirus.KB672490:20178072-20187894:+
MZ22517038:AEPI007208:Anopheles_epiroticus.KB670147:321471-330695:-,MZ22509079:AFUN001983:Anopheles_funestus.KB669491:368017-377693:-
MZ22517038:AEPI007208:Anopheles_epiroticus.KB670147:321471-330695:-,MZ22509079:AMEC005146:Anopheles_melas.KI428458:18535-29066:+
MZ22517038:AEPI007208:Anopheles_epiroticus.KB670147:321471-330695:-,MZ22509079:AMEM012528:Anopheles_merus.KI439095:200069-211114:-
MZ22517038:AEPI007208:Anopheles_epiroticus.KB670147:321471-330695:-,MZ22509079:AMIN007531:Anopheles_minimus.KB664165:94188-104506:-
MZ22517038:AEPI007208:Anopheles_epiroticus.KB670147:321471-330695:-,MZ22509079:AQUA010927:Anopheles_quadriannulatus.KB667700:483173-494341:+
MZ22517038:AEPI007208:Anopheles_epiroticus.KB670147:321471-330695:-,MZ22509079:ASTE002753:Anopheles_stephensi.KB665010:668050-678648:-
MZ22517038:AALB004577:Anopheles_albimanus.KB672286:8333231-8341136:+,MZ22509079:AARA007482:Anopheles_arabiensis.KB704125:4348981-4360119:-
MZ22517038:AALB004577:Anopheles_albimanus.KB672286:8333231-8341136:+,MZ22509079:AATE019063:Anopheles_atroparvus.KI421884:5161144-5170941:-
MZ22517038:AALB004577:Anopheles_albimanus.KB672286:8333231-8341136:+,MZ22509079:ACUA003344:Anopheles_culicifacies.KI423009:21082-30841:+
MZ22517038:AALB004577:Anopheles_albimanus.KB672286:8333231-8341136:+,MZ22509079:ADIR008126:Anopheles_dirus.KB672490:20178072-20187894:+
MZ22517038:AALB004577:Anopheles_albimanus.KB672286:8333231-8341136:+,MZ22509079:AFUN001983:Anopheles_funestus.KB669491:368017-377693:-
MZ22517038:AALB004577:Anopheles_albimanus.KB672286:8333231-8341136:+,MZ22509079:AGAP006038:Anopheles_gambiae.2L:25524992-25544252:+
MZ22517038:AALB004577:Anopheles_albimanus.KB672286:8333231-8341136:+,MZ22509079:AMEM012528:Anopheles_merus.KI439095:200069-211114:-
MZ22517038:AALB004577:Anopheles_albimanus.KB672286:8333231-8341136:+,MZ22509079:AQUA010927:Anopheles_quadriannulatus.KB667700:483173-494341:+
MZ22517038:AALB004577:Anopheles_albimanus.KB672286:8333231-8341136:+,MZ22509079:ASIS003392:Anopheles_sinensis.KI400014:8665-23235:-
MZ22517038:AALB004577:Anopheles_albimanus.KB672286:8333231-8341136:+,MZ22509079:ASTE002753:Anopheles_stephensi.KB665010:668050-678648:-
MZ22517038:ADAC006954:Anopheles_darlingi.scaffold_98:191801-200555:-,MZ22509079:AARA007482:Anopheles_arabiensis.KB704125:4348981-4360119:-
MZ22517038:ADAC006954:Anopheles_darlingi.scaffold_98:191801-200555:-,MZ22509079:AATE019063:Anopheles_atroparvus.KI421884:5161144-5170941:-
MZ22517038:ADAC006954:Anopheles_darlingi.scaffold_98:191801-200555:-,MZ22509079:ACUA003344:Anopheles_culicifacies.KI423009:21082-30841:+
MZ22517038:ADAC006954:Anopheles_darlingi.scaffold_98:191801-200555:-,MZ22509079:ADIR008126:Anopheles_dirus.KB672490:20178072-20187894:+
MZ22517038:ADAC006954:Anopheles_darlingi.scaffold_98:191801-200555:-,MZ22509079:AFUN001983:Anopheles_funestus.KB669491:368017-377693:-
MZ22517038:ADAC006954:Anopheles_darlingi.scaffold_98:191801-200555:-,MZ22509079:AGAP006038:Anopheles_gambiae.2L:25524992-25544252:+
MZ22517038:ADAC006954:Anopheles_darlingi.scaffold_98:191801-200555:-,MZ22509079:AMEM012528:Anopheles_merus.KI439095:200069-211114:-
MZ22517038:ADAC006954:Anopheles_darlingi.scaffold_98:191801-200555:-,MZ22509079:AQUA010927:Anopheles_quadriannulatus.KB667700:483173-494341:+
MZ22517038:ADAC006954:Anopheles_darlingi.scaffold_98:191801-200555:-,MZ22509079:ASIS003392:Anopheles_sinensis.KI400014:8665-23235:-
MZ22517038:ADAC006954:Anopheles_darlingi.scaffold_98:191801-200555:-,MZ22509079:ASTE002753:Anopheles_stephensi.KB665010:668050-678648:-
MZ22517038:AEPI007208:Anopheles_epiroticus.KB670147:321471-330695:-,MZ22509079:AARA007482:Anopheles_arabiensis.KB704125:4348981-4360119:-
MZ22517038:AEPI007208:Anopheles_epiroticus.KB670147:321471-330695:-,MZ22509079:AATE019063:Anopheles_atroparvus.KI421884:5161144-5170941:-
MZ22517038:AEPI007208:Anopheles_epiroticus.KB670147:321471-330695:-,MZ22509079:ACUA003344:Anopheles_culicifacies.KI423009:21082-30841:+
MZ22517038:AEPI007208:Anopheles_epiroticus.KB670147:321471-330695:-,MZ22509079:ADIR008126:Anopheles_dirus.KB672490:20178072-20187894:+
MZ22517038:AEPI007208:Anopheles_epiroticus.KB670147:321471-330695:-,MZ22509079:AFUN001983:Anopheles_funestus.KB669491:368017-377693:-
MZ22517038:AEPI007208:Anopheles_epiroticus.KB670147:321471-330695:-,MZ22509079:AGAP006038:Anopheles_gambiae.2L:25524992-25544252:+
MZ22517038:AEPI007208:Anopheles_epiroticus.KB670147:321471-330695:-,MZ22509079:AMEM012528:Anopheles_merus.KI439095:200069-211114:-
MZ22517038:AEPI007208:Anopheles_epiroticus.KB670147:321471-330695:-,MZ22509079:AQUA010927:Anopheles_quadriannulatus.KB667700:483173-494341:+
MZ22517038:AEPI007208:Anopheles_epiroticus.KB670147:321471-330695:-,MZ22509079:ASIS003392:Anopheles_sinensis.KI400014:8665-23235:-
MZ22517038:AEPI007208:Anopheles_epiroticus.KB670147:321471-330695:-,MZ22509079:ASTE002753:Anopheles_stephensi.KB665010:668050-678648:-
MZ22506348:AALB006314:Anopheles_albimanus.KB672457:441967-455592:+,MZ22507135:AARA010699:Anopheles_arabiensis.KB704784:8901301-8908597:+
MZ22506348:AALB006314:Anopheles_albimanus.KB672457:441967-455592:+,MZ22507135:ACUA010119:Anopheles_culicifacies.AXCM01003993:289-3603:-
MZ22506348:AALB006314:Anopheles_albimanus.KB672457:441967-455592:+,MZ22507135:AFAF006766:Anopheles_farauti.KI421673:33909-37833:+
MZ22506348:AEPI000668:Anopheles_epiroticus.KB671965:523456-541640:-,MZ22507135:AARA010699:Anopheles_arabiensis.KB704784:8901301-8908597:+
MZ22506348:AEPI000668:Anopheles_epiroticus.KB671965:523456-541640:-,MZ22507135:ACUA010119:Anopheles_culicifacies.AXCM01003993:289-3603:-
MZ22506348:AEPI000668:Anopheles_epiroticus.KB671965:523456-541640:-,MZ22507135:AFAF006766:Anopheles_farauti.KI421673:33909-37833:+
MZ22506348:AEPI000668:Anopheles_epiroticus.KB671965:523456-541640:-,MZ22507135:AARA010699:Anopheles_arabiensis.KB704784:8901301-8908597:+
MZ22506348:AEPI000668:Anopheles_epiroticus.KB671965:523456-541640:-,MZ22507135:ADIR001170:Anopheles_dirus.KB672491:1622288-1624330:-
MZ22506348:AEPI000668:Anopheles_epiroticus.KB671965:523456-541640:-,MZ22507135:AGAP000418:Anopheles_gambiae.X:7444787-7475172:-
MZ22506348:AEPI000668:Anopheles_epiroticus.KB671965:523456-541640:-,MZ22507135:AMIN005705:Anopheles_minimus.KB664054:8992848-9000437:-
MZ22506348:AEPI000668:Anopheles_epiroticus.KB671965:523456-541640:-,MZ22507135:AQUA001790:Anopheles_quadriannulatus.KB666010:253244-294623:+
MZ22506348:AEPI000668:Anopheles_epiroticus.KB671965:523456-541640:-,MZ22507135:ASTE011624:Anopheles_stephensi.KB664677:609023-611966:-
MZ22523747:AARA006089:Anopheles_arabiensis.KB704607:1404524-1407005:-,MZ22513314:AALB004734:Anopheles_albimanus.KB672286:10541375-10542630:+
MZ22523747:AARA006089:Anopheles_arabiensis.KB704607:1404524-1407005:-,MZ22513314:ACHR001776:Anopheles_christyi.KB696949:20560-21570:+
MZ22523747:AARA006089:Anopheles_arabiensis.KB704607:1404524-1407005:-,MZ22513314:ADIR009234:Anopheles_dirus.KB672913:1707794-1711087:-
MZ22523747:AARA006089:Anopheles_arabiensis.KB704607:1404524-1407005:-,MZ22513314:AEPI010071:Anopheles_epiroticus.KB670469:166357-175747:+
MZ22523747:AARA006089:Anopheles_arabiensis.KB704607:1404524-1407005:-,MZ22513314:AFUN006754:Anopheles_funestus.KB669336:222474-223730:+
MZ22523747:AARA006089:Anopheles_arabiensis.KB704607:1404524-1407005:-,MZ22513314:AGAP004876:Anopheles_gambiae.2L:4845959-4847193:+
MZ22523747:AARA006089:Anopheles_arabiensis.KB704607:1404524-1407005:-,MZ22513314:AMIN011657:Anopheles_minimus.KB663721:21223810-21225052:+
MZ22523747:AARA006089:Anopheles_arabiensis.KB704607:1404524-1407005:-,MZ22513314:ASTE007977:Anopheles_stephensi.KB664755:110603-111854:-
MZ22523747:AQUA010684:Anopheles_quadriannulatus.KB666165:187512-190005:+,MZ22513314:AALB004734:Anopheles_albimanus.KB672286:10541375-10542630:+
MZ22523747:AQUA010684:Anopheles_quadriannulatus.KB666165:187512-190005:+,MZ22513314:ACHR001776:Anopheles_christyi.KB696949:20560-21570:+
MZ22523747:AQUA010684:Anopheles_quadriannulatus.KB666165:187512-190005:+,MZ22513314:ADIR009234:Anopheles_dirus.KB672913:1707794-1711087:-
MZ22523747:AQUA010684:Anopheles_quadriannulatus.KB666165:187512-190005:+,MZ22513314:AEPI010071:Anopheles_epiroticus.KB670469:166357-175747:+
MZ22523747:AQUA010684:Anopheles_quadriannulatus.KB666165:187512-190005:+,MZ22513314:AFUN006754:Anopheles_funestus.KB669336:222474-223730:+
MZ22523747:AQUA010684:Anopheles_quadriannulatus.KB666165:187512-190005:+,MZ22513314:AGAP004876:Anopheles_gambiae.2L:4845959-4847193:+
MZ22523747:AQUA010684:Anopheles_quadriannulatus.KB666165:187512-190005:+,MZ22513314:AMIN011657:Anopheles_minimus.KB663721:21223810-21225052:+
MZ22523747:AQUA010684:Anopheles_quadriannulatus.KB666165:187512-190005:+,MZ22513314:ASTE007977:Anopheles_stephensi.KB664755:110603-111854:-
MZ22523747:AARA006089:Anopheles_arabiensis.KB704607:1404524-1407005:-,MZ22513314:AALB004734:Anopheles_albimanus.KB672286:10541375-10542630:+
MZ22523747:AARA006089:Anopheles_arabiensis.KB704607:1404524-1407005:-,MZ22513314:ADAC010471:Anopheles_darlingi.scaffold_38:190088-191342:+
MZ22523747:AARA006089:Anopheles_arabiensis.KB704607:1404524-1407005:-,MZ22513314:ADIR009234:Anopheles_dirus.KB672913:1707794-1711087:-
MZ22523747:AARA006089:Anopheles_arabiensis.KB704607:1404524-1407005:-,MZ22513314:AEPI010071:Anopheles_epiroticus.KB670469:166357-175747:+
MZ22523747:AARA006089:Anopheles_arabiensis.KB704607:1404524-1407005:-,MZ22513314:AFAF008231:Anopheles_farauti.KI421563:1260253-1261584:-
MZ22523747:AARA006089:Anopheles_arabiensis.KB704607:1404524-1407005:-,MZ22513314:AFUN006754:Anopheles_funestus.KB669336:222474-223730:+
MZ22523747:AARA006089:Anopheles_arabiensis.KB704607:1404524-1407005:-,MZ22513314:AGAP004876:Anopheles_gambiae.2L:4845959-4847193:+
MZ22523747:AARA006089:Anopheles_arabiensis.KB704607:1404524-1407005:-,MZ22513314:AMIN011657:Anopheles_minimus.KB663721:21223810-21225052:+
MZ22523747:AARA006089:Anopheles_arabiensis.KB704607:1404524-1407005:-,MZ22513314:ASIS023576:Anopheles_sinensis.KI398027:158742-159950:-
MZ22523747:AARA006089:Anopheles_arabiensis.KB704607:1404524-1407005:-,MZ22513314:ASTE007977:Anopheles_stephensi.KB664755:110603-111854:-
MZ22523747:AQUA010684:Anopheles_quadriannulatus.KB666165:187512-190005:+,MZ22513314:AALB004734:Anopheles_albimanus.KB672286:10541375-10542630:+
MZ22523747:AQUA010684:Anopheles_quadriannulatus.KB666165:187512-190005:+,MZ22513314:ADAC010471:Anopheles_darlingi.scaffold_38:190088-191342:+
MZ22523747:AQUA010684:Anopheles_quadriannulatus.KB666165:187512-190005:+,MZ22513314:ADIR009234:Anopheles_dirus.KB672913:1707794-1711087:-
MZ22523747:AQUA010684:Anopheles_quadriannulatus.KB666165:187512-190005:+,MZ22513314:AEPI010071:Anopheles_epiroticus.KB670469:166357-175747:+
MZ22523747:AQUA010684:Anopheles_quadriannulatus.KB666165:187512-190005:+,MZ22513314:AFAF008231:Anopheles_farauti.KI421563:1260253-1261584:-
MZ22523747:AQUA010684:Anopheles_quadriannulatus.KB666165:187512-190005:+,MZ22513314:AFUN006754:Anopheles_funestus.KB669336:222474-223730:+
MZ22523747:AQUA010684:Anopheles_quadriannulatus.KB666165:187512-190005:+,MZ22513314:AGAP004876:Anopheles_gambiae.2L:4845959-4847193:+
MZ22523747:AQUA010684:Anopheles_quadriannulatus.KB666165:187512-190005:+,MZ22513314:AMIN011657:Anopheles_minimus.KB663721:21223810-21225052:+
MZ22523747:AQUA010684:Anopheles_quadriannulatus.KB666165:187512-190005:+,MZ22513314:ASIS023576:Anopheles_sinensis.KI398027:158742-159950:-
MZ22523747:AQUA010684:Anopheles_quadriannulatus.KB666165:187512-190005:+,MZ22513314:ASTE007977:Anopheles_stephensi.KB664755:110603-111854:-
MZ22526808:AARA011590:Anopheles_arabiensis.KB704563:2755096-2755800:+,MZ22526813:AALB003667:Anopheles_albimanus.KB672468:5548654-5549206:-
MZ22526808:AARA011590:Anopheles_arabiensis.KB704563:2755096-2755800:+,MZ22526813:AATE000124:Anopheles_atroparvus.KI421885:3520861-3521372:-
MZ22526808:AARA011590:Anopheles_arabiensis.KB704563:2755096-2755800:+,MZ22526813:ACHR004657:Anopheles_christyi.KB682102:305-3336:+
MZ22526808:AARA011590:Anopheles_arabiensis.KB704563:2755096-2755800:+,MZ22526813:ADAC006542:Anopheles_darlingi.scaffold_356:21148-21676:+
MZ22526808:AARA011590:Anopheles_arabiensis.KB704563:2755096-2755800:+,MZ22526813:ADIR005543:Anopheles_dirus.KB672713:4920096-4920588:+
MZ22526808:AARA011590:Anopheles_arabiensis.KB704563:2755096-2755800:+,MZ22526813:AEPI000223:Anopheles_epiroticus.KB672031:50830-54371:-
MZ22526808:AARA011590:Anopheles_arabiensis.KB704563:2755096-2755800:+,MZ22526813:AFAF012173:Anopheles_farauti.KI421705:236824-237326:+
MZ22526808:AARA011590:Anopheles_arabiensis.KB704563:2755096-2755800:+,MZ22526813:AGAP004213:Anopheles_gambiae.2R:51943625-51944155:-
MZ22526808:AARA011590:Anopheles_arabiensis.KB704563:2755096-2755800:+,MZ22526813:AMIN004140:Anopheles_minimus.KB663610:30557230-30557718:+
MZ22526808:AARA011590:Anopheles_arabiensis.KB704563:2755096-2755800:+,MZ22526813:ASTE003736:Anopheles_stephensi.KB664450:278034-278523:+
MZ22526808:AMEM010250:Anopheles_merus.KI439382:4075-4653:+,MZ22526813:AALB003667:Anopheles_albimanus.KB672468:5548654-5549206:-
MZ22526808:AMEM010250:Anopheles_merus.KI439382:4075-4653:+,MZ22526813:AATE000124:Anopheles_atroparvus.KI421885:3520861-3521372:-
MZ22526808:AMEM010250:Anopheles_merus.KI439382:4075-4653:+,MZ22526813:ACHR004657:Anopheles_christyi.KB682102:305-3336:+
MZ22526808:AMEM010250:Anopheles_merus.KI439382:4075-4653:+,MZ22526813:ADAC006542:Anopheles_darlingi.scaffold_356:21148-21676:+
MZ22526808:AMEM010250:Anopheles_merus.KI439382:4075-4653:+,MZ22526813:ADIR005543:Anopheles_dirus.KB672713:4920096-4920588:+
MZ22526808:AMEM010250:Anopheles_merus.KI439382:4075-4653:+,MZ22526813:AEPI000223:Anopheles_epiroticus.KB672031:50830-54371:-
MZ22526808:AMEM010250:Anopheles_merus.KI439382:4075-4653:+,MZ22526813:AFAF012173:Anopheles_farauti.KI421705:236824-237326:+
MZ22526808:AMEM010250:Anopheles_merus.KI439382:4075-4653:+,MZ22526813:AGAP004213:Anopheles_gambiae.2R:51943625-51944155:-
MZ22526808:AMEM010250:Anopheles_merus.KI439382:4075-4653:+,MZ22526813:AMIN004140:Anopheles_minimus.KB663610:30557230-30557718:+
MZ22526808:AMEM010250:Anopheles_merus.KI439382:4075-4653:+,MZ22526813:ASTE003736:Anopheles_stephensi.KB664450:278034-278523:+
MZ22526808:AQUA008835:Anopheles_quadriannulatus.KB667287:1753303-1753890:+,MZ22526813:AALB003667:Anopheles_albimanus.KB672468:5548654-5549206:-
MZ22526808:AQUA008835:Anopheles_quadriannulatus.KB667287:1753303-1753890:+,MZ22526813:AATE000124:Anopheles_atroparvus.KI421885:3520861-3521372:-
MZ22526808:AQUA008835:Anopheles_quadriannulatus.KB667287:1753303-1753890:+,MZ22526813:ACHR004657:Anopheles_christyi.KB682102:305-3336:+
MZ22526808:AQUA008835:Anopheles_quadriannulatus.KB667287:1753303-1753890:+,MZ22526813:ADAC006542:Anopheles_darlingi.scaffold_356:21148-21676:+
MZ22526808:AQUA008835:Anopheles_quadriannulatus.KB667287:1753303-1753890:+,MZ22526813:ADIR005543:Anopheles_dirus.KB672713:4920096-4920588:+
MZ22526808:AQUA008835:Anopheles_quadriannulatus.KB667287:1753303-1753890:+,MZ22526813:AEPI000223:Anopheles_epiroticus.KB672031:50830-54371:-
MZ22526808:AQUA008835:Anopheles_quadriannulatus.KB667287:1753303-1753890:+,MZ22526813:AFAF012173:Anopheles_farauti.KI421705:236824-237326:+
MZ22526808:AQUA008835:Anopheles_quadriannulatus.KB667287:1753303-1753890:+,MZ22526813:AGAP004213:Anopheles_gambiae.2R:51943625-51944155:-
MZ22526808:AQUA008835:Anopheles_quadriannulatus.KB667287:1753303-1753890:+,MZ22526813:AMIN004140:Anopheles_minimus.KB663610:30557230-30557718:+
MZ22526808:AQUA008835:Anopheles_quadriannulatus.KB667287:1753303-1753890:+,MZ22526813:ASTE003736:Anopheles_stephensi.KB664450:278034-278523:+
MZ22526808:AARA011590:Anopheles_arabiensis.KB704563:2755096-2755800:+,MZ22526813:ACUA003454:Anopheles_culicifacies.KI423322:29006-29481:+
MZ22526808:AARA011590:Anopheles_arabiensis.KB704563:2755096-2755800:+,MZ22526813:ADIR005543:Anopheles_dirus.KB672713:4920096-4920588:+
MZ22526808:AARA011590:Anopheles_arabiensis.KB704563:2755096-2755800:+,MZ22526813:AEPI000223:Anopheles_epiroticus.KB672031:50830-54371:-
MZ22526808:AARA011590:Anopheles_arabiensis.KB704563:2755096-2755800:+,MZ22526813:AFAF012173:Anopheles_farauti.KI421705:236824-237326:+
MZ22526808:AARA011590:Anopheles_arabiensis.KB704563:2755096-2755800:+,MZ22526813:AFUN008218:Anopheles_funestus.KB668685:322609-325917:-
MZ22526808:AARA011590:Anopheles_arabiensis.KB704563:2755096-2755800:+,MZ22526813:AGAP004213:Anopheles_gambiae.2R:51943625-51944155:-
MZ22526808:AARA011590:Anopheles_arabiensis.KB704563:2755096-2755800:+,MZ22526813:AMIN004140:Anopheles_minimus.KB663610:30557230-30557718:+
MZ22526808:AARA011590:Anopheles_arabiensis.KB704563:2755096-2755800:+,MZ22526813:ASTE003736:Anopheles_stephensi.KB664450:278034-278523:+
MZ22526808:AQUA008835:Anopheles_quadriannulatus.KB667287:1753303-1753890:+,MZ22526813:ACUA003454:Anopheles_culicifacies.KI423322:29006-29481:+
MZ22526808:AQUA008835:Anopheles_quadriannulatus.KB667287:1753303-1753890:+,MZ22526813:ADIR005543:Anopheles_dirus.KB672713:4920096-4920588:+
MZ22526808:AQUA008835:Anopheles_quadriannulatus.KB667287:1753303-1753890:+,MZ22526813:AEPI000223:Anopheles_epiroticus.KB672031:50830-54371:-
MZ22526808:AQUA008835:Anopheles_quadriannulatus.KB667287:1753303-1753890:+,MZ22526813:AFAF012173:Anopheles_farauti.KI421705:236824-237326:+
MZ22526808:AQUA008835:Anopheles_quadriannulatus.KB667287:1753303-1753890:+,MZ22526813:AFUN008218:Anopheles_funestus.KB668685:322609-325917:-
MZ22526808:AQUA008835:Anopheles_quadriannulatus.KB667287:1753303-1753890:+,MZ22526813:AGAP004213:Anopheles_gambiae.2R:51943625-51944155:-
MZ22526808:AQUA008835:Anopheles_quadriannulatus.KB667287:1753303-1753890:+,MZ22526813:AMIN004140:Anopheles_minimus.KB663610:30557230-30557718:+
MZ22526808:AQUA008835:Anopheles_quadriannulatus.KB667287:1753303-1753890:+,MZ22526813:ASTE003736:Anopheles_stephensi.KB664450:278034-278523:+
MZ22520218:ASIS022490:Anopheles_sinensis.KI397843:173106-177560:-,MZ22501769:AALB007884:Anopheles_albimanus.KB672435:712679-726247:-
MZ22520218:ASIS022490:Anopheles_sinensis.KI397843:173106-177560:-,MZ22501769:AARA007169:Anopheles_arabiensis.KB704596:1654250-1672449:-
MZ22520218:ASIS022490:Anopheles_sinensis.KI397843:173106-177560:-,MZ22501769:AATE019607:Anopheles_atroparvus.KI421900:819431-829111:-
MZ22520218:ASIS022490:Anopheles_sinensis.KI397843:173106-177560:-,MZ22501769:ACHR000694:Anopheles_christyi.KB680646:10901-24368:+
MZ22520218:ASIS022490:Anopheles_sinensis.KI397843:173106-177560:-,MZ22501769:ADAC008735:Anopheles_darlingi.scaffold_224:87420-120096:-
MZ22520218:ASIS022490:Anopheles_sinensis.KI397843:173106-177560:-,MZ22501769:ADIR004053:Anopheles_dirus.KB672880:1957736-1994968:-
MZ22520218:ASIS022490:Anopheles_sinensis.KI397843:173106-177560:-,MZ22501769:AEPI007334:Anopheles_epiroticus.KB670636:94527-106370:-
MZ22520218:ASIS022490:Anopheles_sinensis.KI397843:173106-177560:-,MZ22501769:AFAF019844:Anopheles_farauti.KI421558:414714-429372:+
MZ22520218:ASIS022490:Anopheles_sinensis.KI397843:173106-177560:-,MZ22501769:AGAP010242:Anopheles_gambiae.3R:51455817-51469790:-
MZ22520218:ASIS022490:Anopheles_sinensis.KI397843:173106-177560:-,MZ22501769:AMIN001151:Anopheles_minimus.KB663722:695362-729082:+
MZ22520218:ASIS022490:Anopheles_sinensis.KI397843:173106-177560:-,MZ22501769:AQUA009798:Anopheles_quadriannulatus.KB666365:144120-159033:+
MZ22520218:ASIS022490:Anopheles_sinensis.KI397843:173106-177560:-,MZ22501769:ASTE010948:Anopheles_stephensi.KB664514:102520-117253:-
MZ22520218:ASIS022490:Anopheles_sinensis.KI397843:173106-177560:-,MZ22501769:AARA007169:Anopheles_arabiensis.KB704596:1654250-1672449:-
MZ22520218:ASIS022490:Anopheles_sinensis.KI397843:173106-177560:-,MZ22501769:AATE019607:Anopheles_atroparvus.KI421900:819431-829111:-
MZ22520218:ASIS022490:Anopheles_sinensis.KI397843:173106-177560:-,MZ22501769:AMEM008203:Anopheles_merus.KI439355:29507-59335:-
MZ22506809:ADAC004792:Anopheles_darlingi.scaffold_41:54084-60256:-,MZ22509191:AALB002759:Anopheles_albimanus.KB672397:23515306-23519004:-
MZ22506809:ADAC004792:Anopheles_darlingi.scaffold_41:54084-60256:-,MZ22509191:AARA004769:Anopheles_arabiensis.KB704451:12326270-12330439:-
MZ22506809:ADAC004792:Anopheles_darlingi.scaffold_41:54084-60256:-,MZ22509191:AATE013682:Anopheles_atroparvus.KI421892:6207733-6211831:-
MZ22506809:ADAC004792:Anopheles_darlingi.scaffold_41:54084-60256:-,MZ22509191:ADIR006594:Anopheles_dirus.KB673645:3255660-3259790:-
MZ22506809:ADAC004792:Anopheles_darlingi.scaffold_41:54084-60256:-,MZ22509191:AEPI002567:Anopheles_epiroticus.KB670391:157440-161889:-
MZ22506809:ADAC004792:Anopheles_darlingi.scaffold_41:54084-60256:-,MZ22509191:AFUN007755:Anopheles_funestus.KB668759:910007-913804:+
MZ22506809:ADAC004792:Anopheles_darlingi.scaffold_41:54084-60256:-,MZ22509191:AMEM012698:Anopheles_merus.KI439109:286451-290628:-
MZ22506809:ADAC004792:Anopheles_darlingi.scaffold_41:54084-60256:-,MZ22509191:AMIN003166:Anopheles_minimus.KB663610:13394636-13398436:+
MZ22506809:ADAC004792:Anopheles_darlingi.scaffold_41:54084-60256:-,MZ22509191:AQUA000222:Anopheles_quadriannulatus.KB667611:1948359-1952814:+
MZ22506809:ADAC004792:Anopheles_darlingi.scaffold_41:54084-60256:-,MZ22509191:ASTE000478:Anopheles_stephensi.KB664580:131067-134953:+
MZ22506809:AFAF010936:Anopheles_farauti.KI421550:700940-705530:+,MZ22509191:AALB002759:Anopheles_albimanus.KB672397:23515306-23519004:-
MZ22506809:AFAF010936:Anopheles_farauti.KI421550:700940-705530:+,MZ22509191:AARA004769:Anopheles_arabiensis.KB704451:12326270-12330439:-
MZ22506809:AFAF010936:Anopheles_farauti.KI421550:700940-705530:+,MZ22509191:AATE013682:Anopheles_atroparvus.KI421892:6207733-6211831:-
MZ22506809:AFAF010936:Anopheles_farauti.KI421550:700940-705530:+,MZ22509191:ADIR006594:Anopheles_dirus.KB673645:3255660-3259790:-
MZ22506809:AFAF010936:Anopheles_farauti.KI421550:700940-705530:+,MZ22509191:AEPI002567:Anopheles_epiroticus.KB670391:157440-161889:-
MZ22506809:AFAF010936:Anopheles_farauti.KI421550:700940-705530:+,MZ22509191:AFUN007755:Anopheles_funestus.KB668759:910007-913804:+
MZ22506809:AFAF010936:Anopheles_farauti.KI421550:700940-705530:+,MZ22509191:AMEM012698:Anopheles_merus.KI439109:286451-290628:-
MZ22506809:AFAF010936:Anopheles_farauti.KI421550:700940-705530:+,MZ22509191:AMIN003166:Anopheles_minimus.KB663610:13394636-13398436:+
MZ22506809:AFAF010936:Anopheles_farauti.KI421550:700940-705530:+,MZ22509191:AQUA000222:Anopheles_quadriannulatus.KB667611:1948359-1952814:+
MZ22506809:AFAF010936:Anopheles_farauti.KI421550:700940-705530:+,MZ22509191:ASTE000478:Anopheles_stephensi.KB664580:131067-134953:+
MZ22506809:ASIS019251:Anopheles_sinensis.KI398239:77925-84265:-,MZ22509191:AALB002759:Anopheles_albimanus.KB672397:23515306-23519004:-
MZ22506809:ASIS019251:Anopheles_sinensis.KI398239:77925-84265:-,MZ22509191:AARA004769:Anopheles_arabiensis.KB704451:12326270-12330439:-
MZ22506809:ASIS019251:Anopheles_sinensis.KI398239:77925-84265:-,MZ22509191:AATE013682:Anopheles_atroparvus.KI421892:6207733-6211831:-
MZ22506809:ASIS019251:Anopheles_sinensis.KI398239:77925-84265:-,MZ22509191:ADIR006594:Anopheles_dirus.KB673645:3255660-3259790:-
MZ22506809:ASIS019251:Anopheles_sinensis.KI398239:77925-84265:-,MZ22509191:AEPI002567:Anopheles_epiroticus.KB670391:157440-161889:-
MZ22506809:ASIS019251:Anopheles_sinensis.KI398239:77925-84265:-,MZ22509191:AFUN007755:Anopheles_funestus.KB668759:910007-913804:+
MZ22506809:ASIS019251:Anopheles_sinensis.KI398239:77925-84265:-,MZ22509191:AMEM012698:Anopheles_merus.KI439109:286451-290628:-
MZ22506809:ASIS019251:Anopheles_sinensis.KI398239:77925-84265:-,MZ22509191:AMIN003166:Anopheles_minimus.KB663610:13394636-13398436:+
MZ22506809:ASIS019251:Anopheles_sinensis.KI398239:77925-84265:-,MZ22509191:AQUA000222:Anopheles_quadriannulatus.KB667611:1948359-1952814:+
MZ22506809:ASIS019251:Anopheles_sinensis.KI398239:77925-84265:-,MZ22509191:ASTE000478:Anopheles_stephensi.KB664580:131067-134953:+
MZ22506809:AFAF010936:Anopheles_farauti.KI421550:700940-705530:+,MZ22509191:AARA004769:Anopheles_arabiensis.KB704451:12326270-12330439:-
MZ22506809:AFAF010936:Anopheles_farauti.KI421550:700940-705530:+,MZ22509191:ACHR000553:Anopheles_christyi.KB700237:42907-46905:+
MZ22506809:AFAF010936:Anopheles_farauti.KI421550:700940-705530:+,MZ22509191:ACUA008333:Anopheles_culicifacies.KI423064:27268-31095:+
MZ22506809:AFAF010936:Anopheles_farauti.KI421550:700940-705530:+,MZ22509191:ADIR006594:Anopheles_dirus.KB673645:3255660-3259790:-
MZ22506809:AFAF010936:Anopheles_farauti.KI421550:700940-705530:+,MZ22509191:AEPI002567:Anopheles_epiroticus.KB670391:157440-161889:-
MZ22506809:AFAF010936:Anopheles_farauti.KI421550:700940-705530:+,MZ22509191:AFUN007755:Anopheles_funestus.KB668759:910007-913804:+
MZ22506809:AFAF010936:Anopheles_farauti.KI421550:700940-705530:+,MZ22509191:AGAP002952:Anopheles_gambiae.2R:30054830-30063728:-
MZ22506809:AFAF010936:Anopheles_farauti.KI421550:700940-705530:+,MZ22509191:AMEM012698:Anopheles_merus.KI439109:286451-290628:-
MZ22506809:AFAF010936:Anopheles_farauti.KI421550:700940-705530:+,MZ22509191:AMIN003166:Anopheles_minimus.KB663610:13394636-13398436:+
MZ22506809:AFAF010936:Anopheles_farauti.KI421550:700940-705530:+,MZ22509191:AQUA000222:Anopheles_quadriannulatus.KB667611:1948359-1952814:+
MZ22506809:AFAF010936:Anopheles_farauti.KI421550:700940-705530:+,MZ22509191:ASTE000478:Anopheles_stephensi.KB664580:131067-134953:+
MZ22515259:AGAP013284:Anopheles_gambiae.2R:5055622-5056878:+,MZ22523467:AALB002307:Anopheles_albimanus.KB672397:16734482-16738125:+
MZ22515259:AGAP013284:Anopheles_gambiae.2R:5055622-5056878:+,MZ22523467:AARA001895:Anopheles_arabiensis.KB704673:4917539-4922044:+
MZ22515259:AGAP013284:Anopheles_gambiae.2R:5055622-5056878:+,MZ22523467:AATE010829:Anopheles_atroparvus.KI421883:8508926-8514947:+
MZ22515259:AGAP013284:Anopheles_gambiae.2R:5055622-5056878:+,MZ22523467:ACHR003518:Anopheles_christyi.KB676791:14648-18708:+
MZ22515259:AGAP013284:Anopheles_gambiae.2R:5055622-5056878:+,MZ22523467:ACUA016196:Anopheles_culicifacies.AXCM01004169:4241-9078:+
MZ22515259:AGAP013284:Anopheles_gambiae.2R:5055622-5056878:+,MZ22523467:ADIR002448:Anopheles_dirus.KB672868:1124739-1129406:+
MZ22515259:AGAP013284:Anopheles_gambiae.2R:5055622-5056878:+,MZ22523467:AEPI001056:Anopheles_epiroticus.KB671620:916-4857:-
MZ22515259:AGAP013284:Anopheles_gambiae.2R:5055622-5056878:+,MZ22523467:AMIN003257:Anopheles_minimus.KB663610:14955077-14959208:+
MZ22515259:AGAP013284:Anopheles_gambiae.2R:5055622-5056878:+,MZ22523467:AQUA006624:Anopheles_quadriannulatus.KB667555:4004548-4009066:+
MZ22515259:AGAP013284:Anopheles_gambiae.2R:5055622-5056878:+,MZ22523467:ASIS013177:Anopheles_sinensis.KI398366:16111-18259:+
MZ22515259:AGAP013284:Anopheles_gambiae.2R:5055622-5056878:+,MZ22523467:ASTE002423:Anopheles_stephensi.KB665054:816056-820421:+
MZ22515259:AMEM003520:Anopheles_merus.KI439024:325149-326549:+,MZ22523467:AALB002307:Anopheles_albimanus.KB672397:16734482-16738125:+
MZ22515259:AMEM003520:Anopheles_merus.KI439024:325149-326549:+,MZ22523467:AARA001895:Anopheles_arabiensis.KB704673:4917539-4922044:+
MZ22515259:AMEM003520:Anopheles_merus.KI439024:325149-326549:+,MZ22523467:AATE010829:Anopheles_atroparvus.KI421883:8508926-8514947:+
MZ22515259:AMEM003520:Anopheles_merus.KI439024:325149-326549:+,MZ22523467:ACHR003518:Anopheles_christyi.KB676791:14648-18708:+
MZ22515259:AMEM003520:Anopheles_merus.KI439024:325149-326549:+,MZ22523467:ACUA016196:Anopheles_culicifacies.AXCM01004169:4241-9078:+
MZ22515259:AMEM003520:Anopheles_merus.KI439024:325149-326549:+,MZ22523467:ADIR002448:Anopheles_dirus.KB672868:1124739-1129406:+
MZ22515259:AMEM003520:Anopheles_merus.KI439024:325149-326549:+,MZ22523467:AEPI001056:Anopheles_epiroticus.KB671620:916-4857:-
MZ22515259:AMEM003520:Anopheles_merus.KI439024:325149-326549:+,MZ22523467:AMIN003257:Anopheles_minimus.KB663610:14955077-14959208:+
MZ22515259:AMEM003520:Anopheles_merus.KI439024:325149-326549:+,MZ22523467:AQUA006624:Anopheles_quadriannulatus.KB667555:4004548-4009066:+
MZ22515259:AMEM003520:Anopheles_merus.KI439024:325149-326549:+,MZ22523467:ASIS013177:Anopheles_sinensis.KI398366:16111-18259:+
MZ22515259:AMEM003520:Anopheles_merus.KI439024:325149-326549:+,MZ22523467:ASTE002423:Anopheles_stephensi.KB665054:816056-820421:+
MZ22515259:ADAC007676:Anopheles_darlingi.scaffold_776:2492-3718:-,MZ22523467:AFUN008319:Anopheles_funestus.KB669169:778018-782321:-
MZ22515259:AGAP013284:Anopheles_gambiae.2R:5055622-5056878:+,MZ22523467:AFUN008319:Anopheles_funestus.KB669169:778018-782321:-
MZ22515259:AMEM003520:Anopheles_merus.KI439024:325149-326549:+,MZ22523467:AFUN008319:Anopheles_funestus.KB669169:778018-782321:-
MZ22510658:AALB005895:Anopheles_albimanus.KB672286:25507743-25514788:+,MZ22509401:AARA003038:Anopheles_arabiensis.KB704396:3186736-3188444:-
MZ22510658:AALB005895:Anopheles_albimanus.KB672286:25507743-25514788:+,MZ22509401:AATE007503:Anopheles_atroparvus.KI421886:904521-906238:-
MZ22510658:AALB005895:Anopheles_albimanus.KB672286:25507743-25514788:+,MZ22509401:ACUA014660:Anopheles_culicifacies.KI422584:35566-39483:+
MZ22510658:AALB005895:Anopheles_albimanus.KB672286:25507743-25514788:+,MZ22509401:ADIR003763:Anopheles_dirus.KB672791:3422657-3424370:-
MZ22510658:AALB005895:Anopheles_albimanus.KB672286:25507743-25514788:+,MZ22509401:AEPI002091:Anopheles_epiroticus.KB671497:117523-119019:-
MZ22510658:AALB005895:Anopheles_albimanus.KB672286:25507743-25514788:+,MZ22509401:AFAF000818:Anopheles_farauti.KI421683:52917-54638:-
MZ22510658:AALB005895:Anopheles_albimanus.KB672286:25507743-25514788:+,MZ22509401:AFUN009664:Anopheles_funestus.KB669469:609205-610905:+
MZ22510658:AALB005895:Anopheles_albimanus.KB672286:25507743-25514788:+,MZ22509401:AGAP005141:Anopheles_gambiae.2L:10468143-10469860:+
MZ22510658:AALB005895:Anopheles_albimanus.KB672286:25507743-25514788:+,MZ22509401:AMEC001307:Anopheles_melas.AXCO01001924:20772-22479:-
MZ22510658:AALB005895:Anopheles_albimanus.KB672286:25507743-25514788:+,MZ22509401:AMEM005228:Anopheles_merus.KI439047:144527-146267:+
MZ22510658:AALB005895:Anopheles_albimanus.KB672286:25507743-25514788:+,MZ22509401:AMIN007304:Anopheles_minimus.KB663655:349940-351627:+
MZ22510658:AALB005895:Anopheles_albimanus.KB672286:25507743-25514788:+,MZ22509401:AQUA009946:Anopheles_quadriannulatus.KB668088:348314-350025:+
MZ22510658:AALB005895:Anopheles_albimanus.KB672286:25507743-25514788:+,MZ22509401:ASIS021264:Anopheles_sinensis.KI397824:172469-174896:+
MZ22510658:AALB005895:Anopheles_albimanus.KB672286:25507743-25514788:+,MZ22509401:ASTE005110:Anopheles_stephensi.KB664877:266691-268546:+
MZ22510658:ACHR007626:Anopheles_christyi.KB698128:2075-3754:-,MZ22509401:AARA003038:Anopheles_arabiensis.KB704396:3186736-3188444:-
MZ22510658:ACHR007626:Anopheles_christyi.KB698128:2075-3754:-,MZ22509401:AATE007503:Anopheles_atroparvus.KI421886:904521-906238:-
MZ22510658:ACHR007626:Anopheles_christyi.KB698128:2075-3754:-,MZ22509401:ACUA014660:Anopheles_culicifacies.KI422584:35566-39483:+
MZ22510658:ACHR007626:Anopheles_christyi.KB698128:2075-3754:-,MZ22509401:ADIR003763:Anopheles_dirus.KB672791:3422657-3424370:-
MZ22510658:ACHR007626:Anopheles_christyi.KB698128:2075-3754:-,MZ22509401:AEPI002091:Anopheles_epiroticus.KB671497:117523-119019:-
MZ22510658:ACHR007626:Anopheles_christyi.KB698128:2075-3754:-,MZ22509401:AFAF000818:Anopheles_farauti.KI421683:52917-54638:-
MZ22510658:ACHR007626:Anopheles_christyi.KB698128:2075-3754:-,MZ22509401:AFUN009664:Anopheles_funestus.KB669469:609205-610905:+
MZ22510658:ACHR007626:Anopheles_christyi.KB698128:2075-3754:-,MZ22509401:AGAP005141:Anopheles_gambiae.2L:10468143-10469860:+
MZ22510658:ACHR007626:Anopheles_christyi.KB698128:2075-3754:-,MZ22509401:AMEC001307:Anopheles_melas.AXCO01001924:20772-22479:-
MZ22510658:ACHR007626:Anopheles_christyi.KB698128:2075-3754:-,MZ22509401:AMEM005228:Anopheles_merus.KI439047:144527-146267:+
MZ22510658:ACHR007626:Anopheles_christyi.KB698128:2075-3754:-,MZ22509401:AMIN007304:Anopheles_minimus.KB663655:349940-351627:+
MZ22510658:ACHR007626:Anopheles_christyi.KB698128:2075-3754:-,MZ22509401:AQUA009946:Anopheles_quadriannulatus.KB668088:348314-350025:+
MZ22510658:ACHR007626:Anopheles_christyi.KB698128:2075-3754:-,MZ22509401:ASIS021264:Anopheles_sinensis.KI397824:172469-174896:+
MZ22510658:ACHR007626:Anopheles_christyi.KB698128:2075-3754:-,MZ22509401:ASTE005110:Anopheles_stephensi.KB664877:266691-268546:+
MZ22512069:AALB006455:Anopheles_albimanus.KB672457:2371218-2374267:-,MZ22507380:AARA010528:Anopheles_arabiensis.KB704784:5354453-5360097:-
MZ22512069:AALB006455:Anopheles_albimanus.KB672457:2371218-2374267:-,MZ22507380:AATE005699:Anopheles_atroparvus.KI421895:3286856-3294760:+
MZ22512069:AALB006455:Anopheles_albimanus.KB672457:2371218-2374267:-,MZ22507380:ACUA026099:Anopheles_culicifacies.KI422620:21262-24449:+
MZ22512069:AALB006455:Anopheles_albimanus.KB672457:2371218-2374267:-,MZ22507380:AEPI002990:Anopheles_epiroticus.KB671798:93771-96681:+
MZ22512069:AALB006455:Anopheles_albimanus.KB672457:2371218-2374267:-,MZ22507380:AFAF009203:Anopheles_farauti.KI421718:171691-174889:-
MZ22512069:AALB006455:Anopheles_albimanus.KB672457:2371218-2374267:-,MZ22507380:AFUN002849:Anopheles_funestus.KB669303:627488-630628:+
MZ22512069:AALB006455:Anopheles_albimanus.KB672457:2371218-2374267:-,MZ22507380:AGAP000528:Anopheles_gambiae.X:9476781-9479515:+
MZ22512069:AALB006455:Anopheles_albimanus.KB672457:2371218-2374267:-,MZ22507380:AMEM017602:Anopheles_merus.KI438983:1104532-1113307:-
MZ22512069:AALB006455:Anopheles_albimanus.KB672457:2371218-2374267:-,MZ22507380:AMIN005274:Anopheles_minimus.KB664054:2970789-2973443:+
MZ22512069:AALB006455:Anopheles_albimanus.KB672457:2371218-2374267:-,MZ22507380:AQUA008205:Anopheles_quadriannulatus.KB668188:253774-256773:-
MZ22512069:AALB006455:Anopheles_albimanus.KB672457:2371218-2374267:-,MZ22507380:ASIS008673:Anopheles_sinensis.KI397945:103673-111093:-
MZ22512069:AALB006455:Anopheles_albimanus.KB672457:2371218-2374267:-,MZ22507380:ASTE007725:Anopheles_stephensi.KB664415:456580-459733:-
MZ22512069:ACHR006668:Anopheles_christyi.KB696925:5066-7944:-,MZ22507380:AARA010528:Anopheles_arabiensis.KB704784:5354453-5360097:-
MZ22512069:ACHR006668:Anopheles_christyi.KB696925:5066-7944:-,MZ22507380:AATE005699:Anopheles_atroparvus.KI421895:3286856-3294760:+
MZ22512069:ACHR006668:Anopheles_christyi.KB696925:5066-7944:-,MZ22507380:ACUA026099:Anopheles_culicifacies.KI422620:21262-24449:+
MZ22512069:ACHR006668:Anopheles_christyi.KB696925:5066-7944:-,MZ22507380:AEPI002990:Anopheles_epiroticus.KB671798:93771-96681:+
MZ22512069:ACHR006668:Anopheles_christyi.KB696925:5066-7944:-,MZ22507380:AFAF009203:Anopheles_farauti.KI421718:171691-174889:-
MZ22512069:ACHR006668:Anopheles_christyi.KB696925:5066-7944:-,MZ22507380:AFUN002849:Anopheles_funestus.KB669303:627488-630628:+
MZ22512069:ACHR006668:Anopheles_christyi.KB696925:5066-7944:-,MZ22507380:AGAP000528:Anopheles_gambiae.X:9476781-9479515:+
MZ22512069:ACHR006668:Anopheles_christyi.KB696925:5066-7944:-,MZ22507380:AMEM017602:Anopheles_merus.KI438983:1104532-1113307:-
MZ22512069:ACHR006668:Anopheles_christyi.KB696925:5066-7944:-,MZ22507380:AMIN005274:Anopheles_minimus.KB664054:2970789-2973443:+
MZ22512069:ACHR006668:Anopheles_christyi.KB696925:5066-7944:-,MZ22507380:AQUA008205:Anopheles_quadriannulatus.KB668188:253774-256773:-
MZ22512069:ACHR006668:Anopheles_christyi.KB696925:5066-7944:-,MZ22507380:ASIS008673:Anopheles_sinensis.KI397945:103673-111093:-
MZ22512069:ACHR006668:Anopheles_christyi.KB696925:5066-7944:-,MZ22507380:ASTE007725:Anopheles_stephensi.KB664415:456580-459733:-
MZ22512069:ADAC000066:Anopheles_darlingi.scaffold_1254:10717-22390:+,MZ22507380:AARA010528:Anopheles_arabiensis.KB704784:5354453-5360097:-
MZ22512069:ADAC000066:Anopheles_darlingi.scaffold_1254:10717-22390:+,MZ22507380:AATE005699:Anopheles_atroparvus.KI421895:3286856-3294760:+
MZ22512069:ADAC000066:Anopheles_darlingi.scaffold_1254:10717-22390:+,MZ22507380:ACUA026099:Anopheles_culicifacies.KI422620:21262-24449:+
MZ22512069:ADAC000066:Anopheles_darlingi.scaffold_1254:10717-22390:+,MZ22507380:AEPI002990:Anopheles_epiroticus.KB671798:93771-96681:+
MZ22512069:ADAC000066:Anopheles_darlingi.scaffold_1254:10717-22390:+,MZ22507380:AFAF009203:Anopheles_farauti.KI421718:171691-174889:-
MZ22512069:ADAC000066:Anopheles_darlingi.scaffold_1254:10717-22390:+,MZ22507380:AFUN002849:Anopheles_funestus.KB669303:627488-630628:+
MZ22512069:ADAC000066:Anopheles_darlingi.scaffold_1254:10717-22390:+,MZ22507380:AGAP000528:Anopheles_gambiae.X:9476781-9479515:+
MZ22512069:ADAC000066:Anopheles_darlingi.scaffold_1254:10717-22390:+,MZ22507380:AMEM017602:Anopheles_merus.KI438983:1104532-1113307:-
MZ22512069:ADAC000066:Anopheles_darlingi.scaffold_1254:10717-22390:+,MZ22507380:AMIN005274:Anopheles_minimus.KB664054:2970789-2973443:+
MZ22512069:ADAC000066:Anopheles_darlingi.scaffold_1254:10717-22390:+,MZ22507380:AQUA008205:Anopheles_quadriannulatus.KB668188:253774-256773:-
MZ22512069:ADAC000066:Anopheles_darlingi.scaffold_1254:10717-22390:+,MZ22507380:ASIS008673:Anopheles_sinensis.KI397945:103673-111093:-
MZ22512069:ADAC000066:Anopheles_darlingi.scaffold_1254:10717-22390:+,MZ22507380:ASTE007725:Anopheles_stephensi.KB664415:456580-459733:-
MZ22512069:AALB006455:Anopheles_albimanus.KB672457:2371218-2374267:-,MZ22507380:AARA010528:Anopheles_arabiensis.KB704784:5354453-5360097:-
MZ22512069:AALB006455:Anopheles_albimanus.KB672457:2371218-2374267:-,MZ22507380:AATE005699:Anopheles_atroparvus.KI421895:3286856-3294760:+
MZ22512069:AALB006455:Anopheles_albimanus.KB672457:2371218-2374267:-,MZ22507380:ACUA026099:Anopheles_culicifacies.KI422620:21262-24449:+
MZ22512069:AALB006455:Anopheles_albimanus.KB672457:2371218-2374267:-,MZ22507380:ADIR001035:Anopheles_dirus.KB672491:90921-93063:+
MZ22512069:AALB006455:Anopheles_albimanus.KB672457:2371218-2374267:-,MZ22507380:AEPI002990:Anopheles_epiroticus.KB671798:93771-96681:+
MZ22512069:AALB006455:Anopheles_albimanus.KB672457:2371218-2374267:-,MZ22507380:AFAF009203:Anopheles_farauti.KI421718:171691-174889:-
MZ22512069:AALB006455:Anopheles_albimanus.KB672457:2371218-2374267:-,MZ22507380:AFUN002849:Anopheles_funestus.KB669303:627488-630628:+
MZ22512069:AALB006455:Anopheles_albimanus.KB672457:2371218-2374267:-,MZ22507380:AGAP000528:Anopheles_gambiae.X:9476781-9479515:+
MZ22512069:AALB006455:Anopheles_albimanus.KB672457:2371218-2374267:-,MZ22507380:AMEC009801:Anopheles_melas.KI430394:3-1143:-
MZ22512069:AALB006455:Anopheles_albimanus.KB672457:2371218-2374267:-,MZ22507380:AMEM017602:Anopheles_merus.KI438983:1104532-1113307:-
MZ22512069:AALB006455:Anopheles_albimanus.KB672457:2371218-2374267:-,MZ22507380:AMIN005274:Anopheles_minimus.KB664054:2970789-2973443:+
MZ22512069:AALB006455:Anopheles_albimanus.KB672457:2371218-2374267:-,MZ22507380:AQUA008205:Anopheles_quadriannulatus.KB668188:253774-256773:-
MZ22512069:AALB006455:Anopheles_albimanus.KB672457:2371218-2374267:-,MZ22507380:ASIS008673:Anopheles_sinensis.KI397945:103673-111093:-
MZ22512069:AALB006455:Anopheles_albimanus.KB672457:2371218-2374267:-,MZ22507380:ASTE007725:Anopheles_stephensi.KB664415:456580-459733:-
MZ22510658:ADAC000806:Anopheles_darlingi.scaffold_1679:9077-10837:-,MZ22509401:AATE007503:Anopheles_atroparvus.KI421886:904521-906238:-
MZ22510658:ADAC000806:Anopheles_darlingi.scaffold_1679:9077-10837:-,MZ22509401:ADIR003763:Anopheles_dirus.KB672791:3422657-3424370:-
MZ22510658:ADAC000806:Anopheles_darlingi.scaffold_1679:9077-10837:-,MZ22509401:AFAF000818:Anopheles_farauti.KI421683:52917-54638:-
MZ22510658:ADAC000806:Anopheles_darlingi.scaffold_1679:9077-10837:-,MZ22509401:ASIS021264:Anopheles_sinensis.KI397824:172469-174896:+
MZ22522073:AARA008821:Anopheles_arabiensis.KB704440:351160-351702:+,MZ22515097:AFAF018629:Anopheles_farauti.KI421612:123491-125691:+
MZ22522073:AARA008821:Anopheles_arabiensis.KB704440:351160-351702:+,MZ22515097:AGAP010885:Anopheles_gambiae.3L:12478591-12480731:-
MZ22522073:AARA008821:Anopheles_arabiensis.KB704440:351160-351702:+,MZ22515097:AMEM009207:Anopheles_merus.KI439135:298537-300285:+
MZ22522073:AARA008821:Anopheles_arabiensis.KB704440:351160-351702:+,MZ22515097:AMIN009276:Anopheles_minimus.KB663666:2119368-2123012:-
MZ22522073:ACUA026794:Anopheles_culicifacies.KI424186:587-1129:-,MZ22515097:AFAF018629:Anopheles_farauti.KI421612:123491-125691:+
MZ22522073:ACUA026794:Anopheles_culicifacies.KI424186:587-1129:-,MZ22515097:AGAP010885:Anopheles_gambiae.3L:12478591-12480731:-
MZ22522073:ACUA026794:Anopheles_culicifacies.KI424186:587-1129:-,MZ22515097:AMEM009207:Anopheles_merus.KI439135:298537-300285:+
MZ22522073:ACUA026794:Anopheles_culicifacies.KI424186:587-1129:-,MZ22515097:AMIN009276:Anopheles_minimus.KB663666:2119368-2123012:-
MZ22506124:AALB009733:Anopheles_albimanus.KB672320:2583817-2590414:+,MZ22502935:AARA004388:Anopheles_arabiensis.KB704451:5657071-5661332:-
MZ22506124:AALB009733:Anopheles_albimanus.KB672320:2583817-2590414:+,MZ22502935:ACHR001124:Anopheles_christyi.KB677424:36595-40716:+
MZ22506124:AALB009733:Anopheles_albimanus.KB672320:2583817-2590414:+,MZ22502935:ADIR008435:Anopheles_dirus.KB672813:2974886-2980150:-
MZ22506124:AALB009733:Anopheles_albimanus.KB672320:2583817-2590414:+,MZ22502935:AEPI003912:Anopheles_epiroticus.KB672220:311560-314866:+
MZ22506124:AALB009733:Anopheles_albimanus.KB672320:2583817-2590414:+,MZ22502935:AFAF014735:Anopheles_farauti.KI421544:685093-689318:+
MZ22506124:AALB009733:Anopheles_albimanus.KB672320:2583817-2590414:+,MZ22502935:AFUN000611:Anopheles_funestus.KB668822:29243-34511:+
MZ22506124:AALB009733:Anopheles_albimanus.KB672320:2583817-2590414:+,MZ22502935:AGAP002476:Anopheles_gambiae.2R:21857345-21861615:+
MZ22506124:AALB009733:Anopheles_albimanus.KB672320:2583817-2590414:+,MZ22502935:AMEC007407:Anopheles_melas.AXCO01002493:818-4103:-
MZ22506124:AALB009733:Anopheles_albimanus.KB672320:2583817-2590414:+,MZ22502935:AMEM013043:Anopheles_merus.KI438974:419250-423545:-
MZ22506124:AALB009733:Anopheles_albimanus.KB672320:2583817-2590414:+,MZ22502935:AMIN002748:Anopheles_minimus.KB663610:7700419-7704637:+
MZ22506124:AALB009733:Anopheles_albimanus.KB672320:2583817-2590414:+,MZ22502935:AQUA009479:Anopheles_quadriannulatus.KB667065:692492-696770:-
MZ22506124:AALB009733:Anopheles_albimanus.KB672320:2583817-2590414:+,MZ22502935:ASIS012323:Anopheles_sinensis.KI398205:10067-14118:-
MZ22506124:AALB009733:Anopheles_albimanus.KB672320:2583817-2590414:+,MZ22502935:ASTE008917:Anopheles_stephensi.KB664428:226473-230641:-
MZ22506124:AATE005947:Anopheles_atroparvus.KI421883:15641826-15646909:-,MZ22502935:AARA004388:Anopheles_arabiensis.KB704451:5657071-5661332:-
MZ22506124:AATE005947:Anopheles_atroparvus.KI421883:15641826-15646909:-,MZ22502935:ACHR001124:Anopheles_christyi.KB677424:36595-40716:+
MZ22506124:AATE005947:Anopheles_atroparvus.KI421883:15641826-15646909:-,MZ22502935:ADIR008435:Anopheles_dirus.KB672813:2974886-2980150:-
MZ22506124:AATE005947:Anopheles_atroparvus.KI421883:15641826-15646909:-,MZ22502935:AEPI003912:Anopheles_epiroticus.KB672220:311560-314866:+
MZ22506124:AATE005947:Anopheles_atroparvus.KI421883:15641826-15646909:-,MZ22502935:AFAF014735:Anopheles_farauti.KI421544:685093-689318:+
MZ22506124:AATE005947:Anopheles_atroparvus.KI421883:15641826-15646909:-,MZ22502935:AFUN000611:Anopheles_funestus.KB668822:29243-34511:+
MZ22506124:AATE005947:Anopheles_atroparvus.KI421883:15641826-15646909:-,MZ22502935:AGAP002476:Anopheles_gambiae.2R:21857345-21861615:+
MZ22506124:AATE005947:Anopheles_atroparvus.KI421883:15641826-15646909:-,MZ22502935:AMEC007407:Anopheles_melas.AXCO01002493:818-4103:-
MZ22506124:AATE005947:Anopheles_atroparvus.KI421883:15641826-15646909:-,MZ22502935:AMEM013043:Anopheles_merus.KI438974:419250-423545:-
MZ22506124:AATE005947:Anopheles_atroparvus.KI421883:15641826-15646909:-,MZ22502935:AMIN002748:Anopheles_minimus.KB663610:7700419-7704637:+
MZ22506124:AATE005947:Anopheles_atroparvus.KI421883:15641826-15646909:-,MZ22502935:AQUA009479:Anopheles_quadriannulatus.KB667065:692492-696770:-
MZ22506124:AATE005947:Anopheles_atroparvus.KI421883:15641826-15646909:-,MZ22502935:ASIS012323:Anopheles_sinensis.KI398205:10067-14118:-
MZ22506124:AATE005947:Anopheles_atroparvus.KI421883:15641826-15646909:-,MZ22502935:ASTE008917:Anopheles_stephensi.KB664428:226473-230641:-
MZ22506124:ADAC004267:Anopheles_darlingi.scaffold_282:29256-33264:-,MZ22502935:AARA004388:Anopheles_arabiensis.KB704451:5657071-5661332:-
MZ22506124:ADAC004267:Anopheles_darlingi.scaffold_282:29256-33264:-,MZ22502935:ACHR001124:Anopheles_christyi.KB677424:36595-40716:+
MZ22506124:ADAC004267:Anopheles_darlingi.scaffold_282:29256-33264:-,MZ22502935:ADIR008435:Anopheles_dirus.KB672813:2974886-2980150:-
MZ22506124:ADAC004267:Anopheles_darlingi.scaffold_282:29256-33264:-,MZ22502935:AEPI003912:Anopheles_epiroticus.KB672220:311560-314866:+
MZ22506124:ADAC004267:Anopheles_darlingi.scaffold_282:29256-33264:-,MZ22502935:AFAF014735:Anopheles_farauti.KI421544:685093-689318:+
MZ22506124:ADAC004267:Anopheles_darlingi.scaffold_282:29256-33264:-,MZ22502935:AFUN000611:Anopheles_funestus.KB668822:29243-34511:+
MZ22506124:ADAC004267:Anopheles_darlingi.scaffold_282:29256-33264:-,MZ22502935:AGAP002476:Anopheles_gambiae.2R:21857345-21861615:+
MZ22506124:ADAC004267:Anopheles_darlingi.scaffold_282:29256-33264:-,MZ22502935:AMEC007407:Anopheles_melas.AXCO01002493:818-4103:-
MZ22506124:ADAC004267:Anopheles_darlingi.scaffold_282:29256-33264:-,MZ22502935:AMEM013043:Anopheles_merus.KI438974:419250-423545:-
MZ22506124:ADAC004267:Anopheles_darlingi.scaffold_282:29256-33264:-,MZ22502935:AMIN002748:Anopheles_minimus.KB663610:7700419-7704637:+
MZ22506124:ADAC004267:Anopheles_darlingi.scaffold_282:29256-33264:-,MZ22502935:AQUA009479:Anopheles_quadriannulatus.KB667065:692492-696770:-
MZ22506124:ADAC004267:Anopheles_darlingi.scaffold_282:29256-33264:-,MZ22502935:ASIS012323:Anopheles_sinensis.KI398205:10067-14118:-
MZ22506124:ADAC004267:Anopheles_darlingi.scaffold_282:29256-33264:-,MZ22502935:ASTE008917:Anopheles_stephensi.KB664428:226473-230641:-
MZ22506124:ADAC004267:Anopheles_darlingi.scaffold_282:29256-33264:-,MZ22502935:AARA004388:Anopheles_arabiensis.KB704451:5657071-5661332:-
MZ22506124:ADAC004267:Anopheles_darlingi.scaffold_282:29256-33264:-,MZ22502935:ACHR001124:Anopheles_christyi.KB677424:36595-40716:+
MZ22506124:ADAC004267:Anopheles_darlingi.scaffold_282:29256-33264:-,MZ22502935:ACUA026402:Anopheles_culicifacies.KI424433:197-4347:+
MZ22506124:ADAC004267:Anopheles_darlingi.scaffold_282:29256-33264:-,MZ22502935:AEPI003912:Anopheles_epiroticus.KB672220:311560-314866:+
MZ22506124:ADAC004267:Anopheles_darlingi.scaffold_282:29256-33264:-,MZ22502935:AFAF014735:Anopheles_farauti.KI421544:685093-689318:+
MZ22506124:ADAC004267:Anopheles_darlingi.scaffold_282:29256-33264:-,MZ22502935:AGAP002476:Anopheles_gambiae.2R:21857345-21861615:+
MZ22506124:ADAC004267:Anopheles_darlingi.scaffold_282:29256-33264:-,MZ22502935:AMEM013043:Anopheles_merus.KI438974:419250-423545:-
MZ22506124:ADAC004267:Anopheles_darlingi.scaffold_282:29256-33264:-,MZ22502935:AMIN002748:Anopheles_minimus.KB663610:7700419-7704637:+
MZ22506124:ADAC004267:Anopheles_darlingi.scaffold_282:29256-33264:-,MZ22502935:AQUA009479:Anopheles_quadriannulatus.KB667065:692492-696770:-
MZ22506124:ADAC004267:Anopheles_darlingi.scaffold_282:29256-33264:-,MZ22502935:ASIS012323:Anopheles_sinensis.KI398205:10067-14118:-
MZ22506124:ADAC004267:Anopheles_darlingi.scaffold_282:29256-33264:-,MZ22502935:ASTE008917:Anopheles_stephensi.KB664428:226473-230641:-
MZ22518279:ACUA011226:Anopheles_culicifacies.AXCM01001431:25036-31760:-,MZ22511606:AALB001832:Anopheles_albimanus.KB672397:8808338-8811227:-
MZ22518279:ACUA011226:Anopheles_culicifacies.AXCM01001431:25036-31760:-,MZ22526701:AATE019334:Anopheles_atroparvus.KI421889:6053511-6054196:-
MZ22518279:ACUA011226:Anopheles_culicifacies.AXCM01001431:25036-31760:-,MZ22511606:AATE011967:Anopheles_atroparvus.KI421889:6060941-6063819:-
MZ22518279:ACUA011226:Anopheles_culicifacies.AXCM01001431:25036-31760:-,MZ22511606:ADIR006804:Anopheles_dirus.KB672957:529560-532196:+
MZ22518279:ACUA011226:Anopheles_culicifacies.AXCM01001431:25036-31760:-,MZ22511606:AFAF003768:Anopheles_farauti.KI421641:468453-471332:-
MZ22518279:ACUA011226:Anopheles_culicifacies.AXCM01001431:25036-31760:-,MZ22511606:ASIS012692:Anopheles_sinensis.KI398781:36369-40447:-
MZ22518279:AFUN009996:Anopheles_funestus.KB668655:67054-69872:-,MZ22511606:AARA009444:Anopheles_arabiensis.KB704429:1532001-1537186:+
MZ22518279:AFUN009996:Anopheles_funestus.KB668655:67054-69872:-,MZ22511606:AEPI003147:Anopheles_epiroticus.KB670214:153200-155896:+
MZ22518279:AFUN009996:Anopheles_funestus.KB668655:67054-69872:-,MZ22511606:AGAP028170:Anopheles_gambiae.3R:20479508-20482393:+
MZ22518279:AFUN009996:Anopheles_funestus.KB668655:67054-69872:-,MZ22511606:AMAM020177:Anopheles_maculatus.AXCL01000742:37-1997:+
MZ22518279:AFUN009996:Anopheles_funestus.KB668655:67054-69872:-,MZ22511606:AMEM006692:Anopheles_merus.KI438986:891785-894662:+
MZ22518279:AFUN009996:Anopheles_funestus.KB668655:67054-69872:-,MZ22511606:ASTE001274:Anopheles_stephensi.KB664575:238848-241493:-
MZ22518279:AMIN001663:Anopheles_minimus.KB664277:918189-920777:+,MZ22511606:AARA009444:Anopheles_arabiensis.KB704429:1532001-1537186:+
MZ22518279:AMIN001663:Anopheles_minimus.KB664277:918189-920777:+,MZ22511606:AEPI003147:Anopheles_epiroticus.KB670214:153200-155896:+
MZ22518279:AMIN001663:Anopheles_minimus.KB664277:918189-920777:+,MZ22511606:AGAP028170:Anopheles_gambiae.3R:20479508-20482393:+
MZ22518279:AMIN001663:Anopheles_minimus.KB664277:918189-920777:+,MZ22511606:AMAM020177:Anopheles_maculatus.AXCL01000742:37-1997:+
MZ22518279:AMIN001663:Anopheles_minimus.KB664277:918189-920777:+,MZ22511606:AMEM006692:Anopheles_merus.KI438986:891785-894662:+
MZ22518279:AMIN001663:Anopheles_minimus.KB664277:918189-920777:+,MZ22511606:ASTE001274:Anopheles_stephensi.KB664575:238848-241493:-
MZ22518279:AFUN009996:Anopheles_funestus.KB668655:67054-69872:-,MZ22511606:ADIR006804:Anopheles_dirus.KB672957:529560-532196:+
MZ22518279:AFUN009996:Anopheles_funestus.KB668655:67054-69872:-,MZ22511606:AEPI003147:Anopheles_epiroticus.KB670214:153200-155896:+
MZ22518279:AFUN009996:Anopheles_funestus.KB668655:67054-69872:-,MZ22511606:AFAF003768:Anopheles_farauti.KI421641:468453-471332:-
MZ22518279:AMIN001663:Anopheles_minimus.KB664277:918189-920777:+,MZ22511606:ADIR006804:Anopheles_dirus.KB672957:529560-532196:+
MZ22518279:AMIN001663:Anopheles_minimus.KB664277:918189-920777:+,MZ22511606:AEPI003147:Anopheles_epiroticus.KB670214:153200-155896:+
MZ22518279:AMIN001663:Anopheles_minimus.KB664277:918189-920777:+,MZ22511606:AFAF003768:Anopheles_farauti.KI421641:468453-471332:-
MZ22506632:AARA006588:Anopheles_arabiensis.KB704640:484010-488243:-,MZ22502318:AATE012654:Anopheles_atroparvus.KI421888:6648332-6659240:+
MZ22506632:AARA006588:Anopheles_arabiensis.KB704640:484010-488243:-,MZ22502318:ACUA016051:Anopheles_culicifacies.AXCM01010089:885-3754:-
MZ22506632:AGAP012951:Anopheles_gambiae.2R:39202960-39205176:-,MZ22502318:ACUA016051:Anopheles_culicifacies.AXCM01010089:885-3754:-
MZ22506632:AQUA001684:Anopheles_quadriannulatus.KB665398:5365956-5368140:+,MZ22502318:ACUA016051:Anopheles_culicifacies.AXCM01010089:885-3754:-
MZ22506632:AGAP012951:Anopheles_gambiae.2R:39202960-39205176:-,MZ22502318:ADIR010653:Anopheles_dirus.KB672979:11621364-11626294:-
MZ22506632:AGAP012951:Anopheles_gambiae.2R:39202960-39205176:-,MZ22502318:AEPI000341:Anopheles_epiroticus.KB671787:435066-440162:-
MZ22506632:AGAP012951:Anopheles_gambiae.2R:39202960-39205176:-,MZ22502318:AFAF010935:Anopheles_farauti.KI421554:1195280-1198985:+
MZ22506632:AGAP012951:Anopheles_gambiae.2R:39202960-39205176:-,MZ22502318:AFUN002415:Anopheles_funestus.KB668836:1709180-1714358:-
MZ22506632:AGAP012951:Anopheles_gambiae.2R:39202960-39205176:-,MZ22502318:AMEC017586:Anopheles_melas.KI428050:11821-21189:+
MZ22506632:AGAP012951:Anopheles_gambiae.2R:39202960-39205176:-,MZ22502318:AMEM006045:Anopheles_merus.KI439091:339923-350408:-
MZ22506632:AGAP012951:Anopheles_gambiae.2R:39202960-39205176:-,MZ22502318:AMIN000868:Anopheles_minimus.KB663832:15611741-15619286:+
MZ22506632:AGAP012951:Anopheles_gambiae.2R:39202960-39205176:-,MZ22502318:ASTE011011:Anopheles_stephensi.KB664508:361084-366600:-
MZ22506632:AQUA001684:Anopheles_quadriannulatus.KB665398:5365956-5368140:+,MZ22502318:ADIR010653:Anopheles_dirus.KB672979:11621364-11626294:-
MZ22506632:AQUA001684:Anopheles_quadriannulatus.KB665398:5365956-5368140:+,MZ22502318:AEPI000341:Anopheles_epiroticus.KB671787:435066-440162:-
MZ22506632:AQUA001684:Anopheles_quadriannulatus.KB665398:5365956-5368140:+,MZ22502318:AFAF010935:Anopheles_farauti.KI421554:1195280-1198985:+
MZ22506632:AQUA001684:Anopheles_quadriannulatus.KB665398:5365956-5368140:+,MZ22502318:AFUN002415:Anopheles_funestus.KB668836:1709180-1714358:-
MZ22506632:AQUA001684:Anopheles_quadriannulatus.KB665398:5365956-5368140:+,MZ22502318:AMEC017586:Anopheles_melas.KI428050:11821-21189:+
MZ22506632:AQUA001684:Anopheles_quadriannulatus.KB665398:5365956-5368140:+,MZ22502318:AMEM006045:Anopheles_merus.KI439091:339923-350408:-
MZ22506632:AQUA001684:Anopheles_quadriannulatus.KB665398:5365956-5368140:+,MZ22502318:AMIN000868:Anopheles_minimus.KB663832:15611741-15619286:+
MZ22506632:AQUA001684:Anopheles_quadriannulatus.KB665398:5365956-5368140:+,MZ22502318:ASTE011011:Anopheles_stephensi.KB664508:361084-366600:-
MZ22508040:AALB002711:Anopheles_albimanus.KB672397:22787750-22802713:+,MZ22503867:AARA006999:Anopheles_arabiensis.KB705228:5704676-5707598:-
MZ22508040:AALB002711:Anopheles_albimanus.KB672397:22787750-22802713:+,MZ22503867:AATE016312:Anopheles_atroparvus.KI421888:5069807-5072497:+
MZ22508040:AALB002711:Anopheles_albimanus.KB672397:22787750-22802713:+,MZ22503867:ACHR000319:Anopheles_christyi.KB697849:21396-24057:-
MZ22508040:AALB002711:Anopheles_albimanus.KB672397:22787750-22802713:+,MZ22503867:ADIR003083:Anopheles_dirus.KB672868:11324518-11339654:+
MZ22508040:AALB002711:Anopheles_albimanus.KB672397:22787750-22802713:+,MZ22503867:AEPI009343:Anopheles_epiroticus.KB670003:185502-188196:-
MZ22508040:AALB002711:Anopheles_albimanus.KB672397:22787750-22802713:+,MZ22503867:AFAF005045:Anopheles_farauti.KI421539:443437-446487:-
MZ22508040:AALB002711:Anopheles_albimanus.KB672397:22787750-22802713:+,MZ22503867:AFUN011030:Anopheles_funestus.KB668710:273378-276022:-
MZ22508040:AALB002711:Anopheles_albimanus.KB672397:22787750-22802713:+,MZ22503867:AGAP013214:Anopheles_gambiae.2R:12674689-12677350:+
MZ22508040:AALB002711:Anopheles_albimanus.KB672397:22787750-22802713:+,MZ22503867:AMEM003037:Anopheles_merus.KI439058:415730-418406:+
MZ22508040:AALB002711:Anopheles_albimanus.KB672397:22787750-22802713:+,MZ22503867:AMIN000498:Anopheles_minimus.KB663832:8342928-8345586:+
MZ22508040:AALB002711:Anopheles_albimanus.KB672397:22787750-22802713:+,MZ22503867:AQUA007176:Anopheles_quadriannulatus.KB665621:2118524-2121337:-
MZ22508040:AALB002711:Anopheles_albimanus.KB672397:22787750-22802713:+,MZ22503867:ASIS023016:Anopheles_sinensis.KI397947:76840-79520:+
MZ22508040:AALB002711:Anopheles_albimanus.KB672397:22787750-22802713:+,MZ22503867:ASTE007902:Anopheles_stephensi.KB664551:258135-260805:-
MZ22508040:ACUA008489:Anopheles_culicifacies.AXCM01006008:8016-13680:-,MZ22503867:AARA006999:Anopheles_arabiensis.KB705228:5704676-5707598:-
MZ22508040:ACUA008489:Anopheles_culicifacies.AXCM01006008:8016-13680:-,MZ22503867:AATE016312:Anopheles_atroparvus.KI421888:5069807-5072497:+
MZ22508040:ACUA008489:Anopheles_culicifacies.AXCM01006008:8016-13680:-,MZ22503867:ACHR000319:Anopheles_christyi.KB697849:21396-24057:-
MZ22508040:ACUA008489:Anopheles_culicifacies.AXCM01006008:8016-13680:-,MZ22503867:ADIR003083:Anopheles_dirus.KB672868:11324518-11339654:+
MZ22508040:ACUA008489:Anopheles_culicifacies.AXCM01006008:8016-13680:-,MZ22503867:AEPI009343:Anopheles_epiroticus.KB670003:185502-188196:-
MZ22508040:ACUA008489:Anopheles_culicifacies.AXCM01006008:8016-13680:-,MZ22503867:AFAF005045:Anopheles_farauti.KI421539:443437-446487:-
MZ22508040:ACUA008489:Anopheles_culicifacies.AXCM01006008:8016-13680:-,MZ22503867:AFUN011030:Anopheles_funestus.KB668710:273378-276022:-
MZ22508040:ACUA008489:Anopheles_culicifacies.AXCM01006008:8016-13680:-,MZ22503867:AGAP013214:Anopheles_gambiae.2R:12674689-12677350:+
MZ22508040:ACUA008489:Anopheles_culicifacies.AXCM01006008:8016-13680:-,MZ22503867:AMEM003037:Anopheles_merus.KI439058:415730-418406:+
MZ22508040:ACUA008489:Anopheles_culicifacies.AXCM01006008:8016-13680:-,MZ22503867:AMIN000498:Anopheles_minimus.KB663832:8342928-8345586:+
MZ22508040:ACUA008489:Anopheles_culicifacies.AXCM01006008:8016-13680:-,MZ22503867:AQUA007176:Anopheles_quadriannulatus.KB665621:2118524-2121337:-
MZ22508040:ACUA008489:Anopheles_culicifacies.AXCM01006008:8016-13680:-,MZ22503867:ASIS023016:Anopheles_sinensis.KI397947:76840-79520:+
MZ22508040:ACUA008489:Anopheles_culicifacies.AXCM01006008:8016-13680:-,MZ22503867:ASTE007902:Anopheles_stephensi.KB664551:258135-260805:-
MZ22508040:ADAC005948:Anopheles_darlingi.scaffold_99:105681-108471:-,MZ22503867:AARA006999:Anopheles_arabiensis.KB705228:5704676-5707598:-
MZ22508040:ADAC005948:Anopheles_darlingi.scaffold_99:105681-108471:-,MZ22503867:AATE016312:Anopheles_atroparvus.KI421888:5069807-5072497:+
MZ22508040:ADAC005948:Anopheles_darlingi.scaffold_99:105681-108471:-,MZ22503867:ACHR000319:Anopheles_christyi.KB697849:21396-24057:-
MZ22508040:ADAC005948:Anopheles_darlingi.scaffold_99:105681-108471:-,MZ22503867:ADIR003083:Anopheles_dirus.KB672868:11324518-11339654:+
MZ22508040:ADAC005948:Anopheles_darlingi.scaffold_99:105681-108471:-,MZ22503867:AEPI009343:Anopheles_epiroticus.KB670003:185502-188196:-
MZ22508040:ADAC005948:Anopheles_darlingi.scaffold_99:105681-108471:-,MZ22503867:AFAF005045:Anopheles_farauti.KI421539:443437-446487:-
MZ22508040:ADAC005948:Anopheles_darlingi.scaffold_99:105681-108471:-,MZ22503867:AFUN011030:Anopheles_funestus.KB668710:273378-276022:-
MZ22508040:ADAC005948:Anopheles_darlingi.scaffold_99:105681-108471:-,MZ22503867:AGAP013214:Anopheles_gambiae.2R:12674689-12677350:+
MZ22508040:ADAC005948:Anopheles_darlingi.scaffold_99:105681-108471:-,MZ22503867:AMEM003037:Anopheles_merus.KI439058:415730-418406:+
MZ22508040:ADAC005948:Anopheles_darlingi.scaffold_99:105681-108471:-,MZ22503867:AMIN000498:Anopheles_minimus.KB663832:8342928-8345586:+
MZ22508040:ADAC005948:Anopheles_darlingi.scaffold_99:105681-108471:-,MZ22503867:AQUA007176:Anopheles_quadriannulatus.KB665621:2118524-2121337:-
MZ22508040:ADAC005948:Anopheles_darlingi.scaffold_99:105681-108471:-,MZ22503867:ASIS023016:Anopheles_sinensis.KI397947:76840-79520:+
MZ22508040:ADAC005948:Anopheles_darlingi.scaffold_99:105681-108471:-,MZ22503867:ASTE007902:Anopheles_stephensi.KB664551:258135-260805:-
MZ22508040:ADAC005948:Anopheles_darlingi.scaffold_99:105681-108471:-,MZ22507529:AARA007000:Anopheles_arabiensis.KB705228:5708804-5711032:-
MZ22508040:ADAC005948:Anopheles_darlingi.scaffold_99:105681-108471:-,MZ22507529:AATE006615:Anopheles_atroparvus.KI421888:5066838-5069157:+
MZ22508040:ADAC005948:Anopheles_darlingi.scaffold_99:105681-108471:-,MZ22507529:ADIR003082:Anopheles_dirus.KB672868:11308324-11310420:+
MZ22508040:ADAC005948:Anopheles_darlingi.scaffold_99:105681-108471:-,MZ22507529:AEPI009344:Anopheles_epiroticus.KB670003:189208-191422:-
MZ22508040:ADAC005948:Anopheles_darlingi.scaffold_99:105681-108471:-,MZ22507529:AFAF008188:Anopheles_farauti.KI421539:447072-449174:-
MZ22508040:ADAC005948:Anopheles_darlingi.scaffold_99:105681-108471:-,MZ22507529:AFUN011031:Anopheles_funestus.KB668710:288081-290827:-
MZ22508040:ADAC005948:Anopheles_darlingi.scaffold_99:105681-108471:-,MZ22507529:AGAP001938:Anopheles_gambiae.2R:12671710-12673939:+
MZ22508040:ADAC005948:Anopheles_darlingi.scaffold_99:105681-108471:-,MZ22507529:AMEM005831:Anopheles_merus.KI439058:412713-414939:+
MZ22508040:ADAC005948:Anopheles_darlingi.scaffold_99:105681-108471:-,MZ22507529:AMIN000497:Anopheles_minimus.KB663832:8339799-8341903:+
MZ22508040:ADAC005948:Anopheles_darlingi.scaffold_99:105681-108471:-,MZ22507529:AQUA007177:Anopheles_quadriannulatus.KB665621:2121990-2124216:-
MZ22508040:ADAC005948:Anopheles_darlingi.scaffold_99:105681-108471:-,MZ22507529:ASIS003019:Anopheles_sinensis.KI397947:73769-76000:+
MZ22508040:ADAC005948:Anopheles_darlingi.scaffold_99:105681-108471:-,MZ22507529:ASTE007903:Anopheles_stephensi.KB664551:262072-264275:-
MZ22520185:AALB007323:Anopheles_albimanus.KB672398:742862-746866:-,MZ22521381:ADIR008614:Anopheles_dirus.KB672602:874188-874604:+
MZ22520185:AALB007323:Anopheles_albimanus.KB672398:742862-746866:-,MZ22521381:AMIN011511:Anopheles_minimus.KB663721:18992936-18994153:+
MZ22520185:AALB007323:Anopheles_albimanus.KB672398:742862-746866:-,MZ22521381:ASTE009247:Anopheles_stephensi.KB664577:1002244-1003197:-
MZ22520185:AGAP012441:Anopheles_gambiae.UNKN:1043444-1070839:-,MZ22521381:AARA003156:Anopheles_arabiensis.KB704396:5239423-5244353:-
MZ22520185:AGAP012441:Anopheles_gambiae.UNKN:1043444-1070839:-,MZ22521381:AEPI002317:Anopheles_epiroticus.KB671599:65132-65494:+
MZ22520185:AGAP012441:Anopheles_gambiae.UNKN:1043444-1070839:-,MZ22521381:AQUA003470:Anopheles_quadriannulatus.KB666287:936204-937018:-
MZ22520185:AGAP012441:Anopheles_gambiae.UNKN:1043444-1070839:-,MZ22521381:ADIR008614:Anopheles_dirus.KB672602:874188-874604:+
MZ22524393:AFUN011483:Anopheles_funestus.KB668733:32053-33292:+,MZ22513599:AALB010563:Anopheles_albimanus.KB672424:12864914-12865888:-
MZ22524393:AFUN011483:Anopheles_funestus.KB668733:32053-33292:+,MZ22513599:AARA000121:Anopheles_arabiensis.KB704629:627908-628999:-
MZ22524393:AFUN011483:Anopheles_funestus.KB668733:32053-33292:+,MZ22513599:AATE002995:Anopheles_atroparvus.KI421887:273743-274831:-
MZ22524393:AFUN011483:Anopheles_funestus.KB668733:32053-33292:+,MZ22513599:ADAC000115:Anopheles_darlingi.scaffold_78:43518-65013:+
MZ22524393:AFUN011483:Anopheles_funestus.KB668733:32053-33292:+,MZ22513599:ADIR000093:Anopheles_dirus.KB673312:1610521-1611615:+
MZ22524393:AFUN011483:Anopheles_funestus.KB668733:32053-33292:+,MZ22513599:AEPI006659:Anopheles_epiroticus.KB669781:278237-279328:+
MZ22524393:AFUN011483:Anopheles_funestus.KB668733:32053-33292:+,MZ22513599:AMIN008381:Anopheles_minimus.KB663943:2606412-2607503:+
MZ22524393:AFUN011483:Anopheles_funestus.KB668733:32053-33292:+,MZ22513599:ASTE008268:Anopheles_stephensi.KB665066:554287-555369:+
MZ22524393:AQUA005069:Anopheles_quadriannulatus.KB665732:218848-222128:+,MZ22513599:AALB010563:Anopheles_albimanus.KB672424:12864914-12865888:-
MZ22524393:AQUA005069:Anopheles_quadriannulatus.KB665732:218848-222128:+,MZ22513599:AARA000121:Anopheles_arabiensis.KB704629:627908-628999:-
MZ22524393:AQUA005069:Anopheles_quadriannulatus.KB665732:218848-222128:+,MZ22513599:AATE002995:Anopheles_atroparvus.KI421887:273743-274831:-
MZ22524393:AQUA005069:Anopheles_quadriannulatus.KB665732:218848-222128:+,MZ22513599:ADAC000115:Anopheles_darlingi.scaffold_78:43518-65013:+
MZ22524393:AQUA005069:Anopheles_quadriannulatus.KB665732:218848-222128:+,MZ22513599:ADIR000093:Anopheles_dirus.KB673312:1610521-1611615:+
MZ22524393:AQUA005069:Anopheles_quadriannulatus.KB665732:218848-222128:+,MZ22513599:AEPI006659:Anopheles_epiroticus.KB669781:278237-279328:+
MZ22524393:AQUA005069:Anopheles_quadriannulatus.KB665732:218848-222128:+,MZ22513599:AMIN008381:Anopheles_minimus.KB663943:2606412-2607503:+
MZ22524393:AQUA005069:Anopheles_quadriannulatus.KB665732:218848-222128:+,MZ22513599:ASTE008268:Anopheles_stephensi.KB665066:554287-555369:+
MZ22524393:AQUA005069:Anopheles_quadriannulatus.KB665732:218848-222128:+,MZ22513599:AARA000121:Anopheles_arabiensis.KB704629:627908-628999:-
MZ22524393:AQUA005069:Anopheles_quadriannulatus.KB665732:218848-222128:+,MZ22513599:AMEM005709:Anopheles_merus.KI439123:352271-352606:-
MZ22501194:ADIR009546:Anopheles_dirus.KB672846:1530584-1546944:+,MZ22503731:AALB010189:Anopheles_albimanus.KB672424:7107177-7110034:-
MZ22501194:ADIR009546:Anopheles_dirus.KB672846:1530584-1546944:+,MZ22503731:AARA003329:Anopheles_arabiensis.KB704418:1978312-1981147:+
MZ22501194:ADIR009546:Anopheles_dirus.KB672846:1530584-1546944:+,MZ22503731:AATE002591:Anopheles_atroparvus.KI421899:2555933-2557672:-
MZ22501194:ADIR009546:Anopheles_dirus.KB672846:1530584-1546944:+,MZ22503731:ACHR002845:Anopheles_christyi.KB701837:5426-8247:+
MZ22501194:ADIR009546:Anopheles_dirus.KB672846:1530584-1546944:+,MZ22503731:ACUA000046:Anopheles_culicifacies.AXCM01000926:19535-21999:+
MZ22501194:ADIR009546:Anopheles_dirus.KB672846:1530584-1546944:+,MZ22503731:ADAC010509:Anopheles_darlingi.scaffold_662:39283-42119:+
MZ22501194:ADIR009546:Anopheles_dirus.KB672846:1530584-1546944:+,MZ22503731:AEPI004333:Anopheles_epiroticus.KB671391:128223-131063:+
MZ22501194:ADIR009546:Anopheles_dirus.KB672846:1530584-1546944:+,MZ22503731:AFUN005373:Anopheles_funestus.KB668666:391973-394803:+
MZ22501194:ADIR009546:Anopheles_dirus.KB672846:1530584-1546944:+,MZ22503731:AGAP012245:Anopheles_gambiae.3L:39287141-39289933:+
MZ22501194:ADIR009546:Anopheles_dirus.KB672846:1530584-1546944:+,MZ22503731:AMEC016505:Anopheles_melas.AXCO01003947:8638-11373:-
MZ22501194:ADIR009546:Anopheles_dirus.KB672846:1530584-1546944:+,MZ22503731:AMEM013771:Anopheles_merus.AXCQ01006848:3011-5744:+
MZ22501194:ADIR009546:Anopheles_dirus.KB672846:1530584-1546944:+,MZ22503731:AQUA007803:Anopheles_quadriannulatus.KB665433:570204-573039:-
MZ22501194:ADIR009546:Anopheles_dirus.KB672846:1530584-1546944:+,MZ22503731:ASIS016623:Anopheles_sinensis.KI398873:41215-44064:+
MZ22501194:ADIR009546:Anopheles_dirus.KB672846:1530584-1546944:+,MZ22503731:ASTE011528:Anopheles_stephensi.KB664451:102625-105446:-
MZ22501194:AFAF010504:Anopheles_farauti.KI421620:291401-293986:+,MZ22503731:AALB010189:Anopheles_albimanus.KB672424:7107177-7110034:-
MZ22501194:AFAF010504:Anopheles_farauti.KI421620:291401-293986:+,MZ22503731:AARA003329:Anopheles_arabiensis.KB704418:1978312-1981147:+
MZ22501194:AFAF010504:Anopheles_farauti.KI421620:291401-293986:+,MZ22503731:AATE002591:Anopheles_atroparvus.KI421899:2555933-2557672:-
MZ22501194:AFAF010504:Anopheles_farauti.KI421620:291401-293986:+,MZ22503731:ACHR002845:Anopheles_christyi.KB701837:5426-8247:+
MZ22501194:AFAF010504:Anopheles_farauti.KI421620:291401-293986:+,MZ22503731:ACUA000046:Anopheles_culicifacies.AXCM01000926:19535-21999:+
MZ22501194:AFAF010504:Anopheles_farauti.KI421620:291401-293986:+,MZ22503731:ADAC010509:Anopheles_darlingi.scaffold_662:39283-42119:+
MZ22501194:AFAF010504:Anopheles_farauti.KI421620:291401-293986:+,MZ22503731:AEPI004333:Anopheles_epiroticus.KB671391:128223-131063:+
MZ22501194:AFAF010504:Anopheles_farauti.KI421620:291401-293986:+,MZ22503731:AFUN005373:Anopheles_funestus.KB668666:391973-394803:+
MZ22501194:AFAF010504:Anopheles_farauti.KI421620:291401-293986:+,MZ22503731:AGAP012245:Anopheles_gambiae.3L:39287141-39289933:+
MZ22501194:AFAF010504:Anopheles_farauti.KI421620:291401-293986:+,MZ22503731:AMEC016505:Anopheles_melas.AXCO01003947:8638-11373:-
MZ22501194:AFAF010504:Anopheles_farauti.KI421620:291401-293986:+,MZ22503731:AMEM013771:Anopheles_merus.AXCQ01006848:3011-5744:+
MZ22501194:AFAF010504:Anopheles_farauti.KI421620:291401-293986:+,MZ22503731:AQUA007803:Anopheles_quadriannulatus.KB665433:570204-573039:-
MZ22501194:AFAF010504:Anopheles_farauti.KI421620:291401-293986:+,MZ22503731:ASIS016623:Anopheles_sinensis.KI398873:41215-44064:+
MZ22501194:AFAF010504:Anopheles_farauti.KI421620:291401-293986:+,MZ22503731:ASTE011528:Anopheles_stephensi.KB664451:102625-105446:-
MZ22501194:AMIN006924:Anopheles_minimus.KB663677:1627801-1654291:-,MZ22503731:AALB010189:Anopheles_albimanus.KB672424:7107177-7110034:-
MZ22501194:AMIN006924:Anopheles_minimus.KB663677:1627801-1654291:-,MZ22503731:AARA003329:Anopheles_arabiensis.KB704418:1978312-1981147:+
MZ22501194:AMIN006924:Anopheles_minimus.KB663677:1627801-1654291:-,MZ22503731:AATE002591:Anopheles_atroparvus.KI421899:2555933-2557672:-
MZ22501194:AMIN006924:Anopheles_minimus.KB663677:1627801-1654291:-,MZ22503731:ACHR002845:Anopheles_christyi.KB701837:5426-8247:+
MZ22501194:AMIN006924:Anopheles_minimus.KB663677:1627801-1654291:-,MZ22503731:ACUA000046:Anopheles_culicifacies.AXCM01000926:19535-21999:+
MZ22501194:AMIN006924:Anopheles_minimus.KB663677:1627801-1654291:-,MZ22503731:ADAC010509:Anopheles_darlingi.scaffold_662:39283-42119:+
MZ22501194:AMIN006924:Anopheles_minimus.KB663677:1627801-1654291:-,MZ22503731:AEPI004333:Anopheles_epiroticus.KB671391:128223-131063:+
MZ22501194:AMIN006924:Anopheles_minimus.KB663677:1627801-1654291:-,MZ22503731:AFUN005373:Anopheles_funestus.KB668666:391973-394803:+
MZ22501194:AMIN006924:Anopheles_minimus.KB663677:1627801-1654291:-,MZ22503731:AGAP012245:Anopheles_gambiae.3L:39287141-39289933:+
MZ22501194:AMIN006924:Anopheles_minimus.KB663677:1627801-1654291:-,MZ22503731:AMEC016505:Anopheles_melas.AXCO01003947:8638-11373:-
MZ22501194:AMIN006924:Anopheles_minimus.KB663677:1627801-1654291:-,MZ22503731:AMEM013771:Anopheles_merus.AXCQ01006848:3011-5744:+
MZ22501194:AMIN006924:Anopheles_minimus.KB663677:1627801-1654291:-,MZ22503731:AQUA007803:Anopheles_quadriannulatus.KB665433:570204-573039:-
MZ22501194:AMIN006924:Anopheles_minimus.KB663677:1627801-1654291:-,MZ22503731:ASIS016623:Anopheles_sinensis.KI398873:41215-44064:+
MZ22501194:AMIN006924:Anopheles_minimus.KB663677:1627801-1654291:-,MZ22503731:ASTE011528:Anopheles_stephensi.KB664451:102625-105446:-
MZ22501194:AFAF010504:Anopheles_farauti.KI421620:291401-293986:+,MZ22503731:ACUA000046:Anopheles_culicifacies.AXCM01000926:19535-21999:+
MZ22503562:AFAF007752:Anopheles_farauti.AXCN01002159:17525-24955:-,MZ22502439:AALB008534:Anopheles_albimanus.KB672435:11850305-11856954:-
MZ22503562:AFAF007752:Anopheles_farauti.AXCN01002159:17525-24955:-,MZ22502439:AARA011492:Anopheles_arabiensis.KB704563:250802-258887:-
MZ22503562:AFAF007752:Anopheles_farauti.AXCN01002159:17525-24955:-,MZ22502439:AATE008643:Anopheles_atroparvus.KI421892:5845766-5855018:-
MZ22503562:AFAF007752:Anopheles_farauti.AXCN01002159:17525-24955:-,MZ22502439:ACUA016927:Anopheles_culicifacies.KI422715:26710-33544:-
MZ22503562:AFAF007752:Anopheles_farauti.AXCN01002159:17525-24955:-,MZ22502439:ADAC010376:Anopheles_darlingi.scaffold_193:36555-43431:-
MZ22503562:AFAF007752:Anopheles_farauti.AXCN01002159:17525-24955:-,MZ22502439:ADIR002907:Anopheles_dirus.KB672868:8589965-8597302:-
MZ22503562:AFAF007752:Anopheles_farauti.AXCN01002159:17525-24955:-,MZ22502439:AEPI003944:Anopheles_epiroticus.KB670936:161380-168082:+
MZ22503562:AFAF007752:Anopheles_farauti.AXCN01002159:17525-24955:-,MZ22502439:AGAP004310:Anopheles_gambiae.2R:54360758-54368022:+
MZ22503562:AFAF007752:Anopheles_farauti.AXCN01002159:17525-24955:-,MZ22502439:AMIN002991:Anopheles_minimus.KB663610:10371567-10378428:-
MZ22503562:AFAF007752:Anopheles_farauti.AXCN01002159:17525-24955:-,MZ22502439:ASTE000874:Anopheles_stephensi.KB664899:397806-411261:-
MZ22503562:AFUN001476:Anopheles_funestus.KB668221:315861-328072:+,MZ22502439:AALB008534:Anopheles_albimanus.KB672435:11850305-11856954:-
MZ22503562:AFUN001476:Anopheles_funestus.KB668221:315861-328072:+,MZ22502439:AARA011492:Anopheles_arabiensis.KB704563:250802-258887:-
MZ22503562:AFUN001476:Anopheles_funestus.KB668221:315861-328072:+,MZ22502439:AATE008643:Anopheles_atroparvus.KI421892:5845766-5855018:-
MZ22503562:AFUN001476:Anopheles_funestus.KB668221:315861-328072:+,MZ22502439:ACUA016927:Anopheles_culicifacies.KI422715:26710-33544:-
MZ22503562:AFUN001476:Anopheles_funestus.KB668221:315861-328072:+,MZ22502439:ADAC010376:Anopheles_darlingi.scaffold_193:36555-43431:-
MZ22503562:AFUN001476:Anopheles_funestus.KB668221:315861-328072:+,MZ22502439:ADIR002907:Anopheles_dirus.KB672868:8589965-8597302:-
MZ22503562:AFUN001476:Anopheles_funestus.KB668221:315861-328072:+,MZ22502439:AEPI003944:Anopheles_epiroticus.KB670936:161380-168082:+
MZ22503562:AFUN001476:Anopheles_funestus.KB668221:315861-328072:+,MZ22502439:AGAP004310:Anopheles_gambiae.2R:54360758-54368022:+
MZ22503562:AFUN001476:Anopheles_funestus.KB668221:315861-328072:+,MZ22502439:AMIN002991:Anopheles_minimus.KB663610:10371567-10378428:-
MZ22503562:AFUN001476:Anopheles_funestus.KB668221:315861-328072:+,MZ22502439:ASTE000874:Anopheles_stephensi.KB664899:397806-411261:-
MZ22503562:AFAF007752:Anopheles_farauti.AXCN01002159:17525-24955:-,MZ22507874:AALB008535:Anopheles_albimanus.KB672435:11861098-11862822:-
MZ22503562:AFAF007752:Anopheles_farauti.AXCN01002159:17525-24955:-,MZ22507874:AATE020396:Anopheles_atroparvus.KI421892:5857195-5858928:-
MZ22503562:AFAF007752:Anopheles_farauti.AXCN01002159:17525-24955:-,MZ22507874:ADAC010383:Anopheles_darlingi.scaffold_193:47601-49325:-
MZ22503562:AFAF007752:Anopheles_farauti.AXCN01002159:17525-24955:-,MZ22507874:ASIS013211:Anopheles_sinensis.KI397973:162873-164612:+
MZ22503562:AFUN001476:Anopheles_funestus.KB668221:315861-328072:+,MZ22507874:AARA011493:Anopheles_arabiensis.KB704563:262243-264006:-
MZ22503562:AFUN001476:Anopheles_funestus.KB668221:315861-328072:+,MZ22507874:ACHR003459:Anopheles_christyi.KB677802:8055-9809:-
MZ22503562:AFUN001476:Anopheles_funestus.KB668221:315861-328072:+,MZ22507874:ACUA003322:Anopheles_culicifacies.KI422715:37252-39027:-
MZ22503562:AFUN001476:Anopheles_funestus.KB668221:315861-328072:+,MZ22507874:ADIR002908:Anopheles_dirus.KB672868:8600748-8602505:-
MZ22503562:AFUN001476:Anopheles_funestus.KB668221:315861-328072:+,MZ22507874:AEPI003943:Anopheles_epiroticus.KB670936:155467-157221:+
MZ22503562:AFUN001476:Anopheles_funestus.KB668221:315861-328072:+,MZ22507874:AGAP004309:Anopheles_gambiae.2R:54355380-54357143:+
MZ22503562:AFUN001476:Anopheles_funestus.KB668221:315861-328072:+,MZ22507874:AMIN002992:Anopheles_minimus.KB663610:10382144-10383907:-
MZ22503562:AFUN001476:Anopheles_funestus.KB668221:315861-328072:+,MZ22507874:AQUA006229:Anopheles_quadriannulatus.KB665610:277311-279074:-
MZ22503562:AFUN001476:Anopheles_funestus.KB668221:315861-328072:+,MZ22507874:ASTE000875:Anopheles_stephensi.KB664899:417161-418954:-
