F1_gene ,,,, F2_gene ,,,
MZ22526841,AMEM018040,87038-88055,+,MZ22526881,AARA011841,1141440-1141932,+
MZ22526841,AMEM018040,87038-88055,+,MZ22526881,ADIR005988,1328936-1329927,+
MZ22526841,AMEM018040,87038-88055,+,MZ22526881,ASTE011354,377809-379162,+
MZ22523024,ACUA002041,7891-8301,+,MZ22514750,AGAP012534,11990889-11991197,+
MZ22523465,AMEC021994,31700-34807,-,MZ22521375,AGAP013121,49412738-49436950,+
MZ22523465,AMEM005912,123040-124784,+,MZ22521375,AGAP013121,49412738-49436950,+
MZ22518487,AGAP007240,44509304-44510154,-,MZ22509506,AALB004207,1924939-1931231,-
MZ22518487,AGAP007240,44509304-44510154,-,MZ22509506,AARA007872,11486153-11491992,-
MZ22518487,AGAP007240,44509304-44510154,-,MZ22509506,AATE010575,1209682-1210669,-
MZ22518487,AGAP007240,44509304-44510154,-,MZ22509506,ACHR000463,12183-17561,-
MZ22518487,AGAP007240,44509304-44510154,-,MZ22509506,ACUA002769,19170-20030,-
MZ22518487,AGAP007240,44509304-44510154,-,MZ22509506,ADIR008248,22829748-22836322,+
MZ22518487,AGAP007240,44509304-44510154,-,MZ22509506,AFAF013207,1191689-1191906,+
MZ22518487,AGAP007240,44509304-44510154,-,MZ22509506,AQUA010757,498397-504224,-
MZ22518487,AGAP007240,44509304-44510154,-,MZ22509506,ASIS015674,15261-15346,-
MZ22518487,AGAP007240,44509304-44510154,-,MZ22509506,ASTE004462,634802-642229,+
MZ22518487,AMEC011761,1809-2659,+,MZ22509506,AALB004207,1924939-1931231,-
MZ22518487,AMEC011761,1809-2659,+,MZ22509506,AARA007872,11486153-11491992,-
MZ22518487,AMEC011761,1809-2659,+,MZ22509506,AATE010575,1209682-1210669,-
MZ22518487,AMEC011761,1809-2659,+,MZ22509506,ACHR000463,12183-17561,-
MZ22518487,AMEC011761,1809-2659,+,MZ22509506,ACUA002769,19170-20030,-
MZ22518487,AMEC011761,1809-2659,+,MZ22509506,ADIR008248,22829748-22836322,+
MZ22518487,AMEC011761,1809-2659,+,MZ22509506,AFAF013207,1191689-1191906,+
MZ22518487,AMEC011761,1809-2659,+,MZ22509506,AQUA010757,498397-504224,-
MZ22518487,AMEC011761,1809-2659,+,MZ22509506,ASIS015674,15261-15346,-
MZ22518487,AMEC011761,1809-2659,+,MZ22509506,ASTE004462,634802-642229,+
MZ22518487,AMEM005887,171334-172181,+,MZ22509506,AALB004207,1924939-1931231,-
MZ22518487,AMEM005887,171334-172181,+,MZ22509506,AARA007872,11486153-11491992,-
MZ22518487,AMEM005887,171334-172181,+,MZ22509506,AATE010575,1209682-1210669,-
MZ22518487,AMEM005887,171334-172181,+,MZ22509506,ACHR000463,12183-17561,-
MZ22518487,AMEM005887,171334-172181,+,MZ22509506,ACUA002769,19170-20030,-
MZ22518487,AMEM005887,171334-172181,+,MZ22509506,ADIR008248,22829748-22836322,+
MZ22518487,AMEM005887,171334-172181,+,MZ22509506,AFAF013207,1191689-1191906,+
MZ22518487,AMEM005887,171334-172181,+,MZ22509506,AQUA010757,498397-504224,-
MZ22518487,AMEM005887,171334-172181,+,MZ22509506,ASIS015674,15261-15346,-
MZ22518487,AMEM005887,171334-172181,+,MZ22509506,ASTE004462,634802-642229,+
MZ22518487,AMEM005887,171334-172181,+,MZ22509506,AALB004207,1924939-1931231,-
MZ22518487,AMEM005887,171334-172181,+,MZ22509506,AARA007872,11486153-11491992,-
MZ22518487,AMEM005887,171334-172181,+,MZ22509506,ACHR000463,12183-17561,-
MZ22518487,AMEM005887,171334-172181,+,MZ22509506,ADAC000038,48696-55032,+
MZ22518487,AMEM005887,171334-172181,+,MZ22509506,ADIR008248,22829748-22836322,+
MZ22518487,AMEM005887,171334-172181,+,MZ22509506,AEPI000986,930083-934450,+
MZ22518487,AMEM005887,171334-172181,+,MZ22509506,AFAF013207,1191689-1191906,+
MZ22518487,AMEM005887,171334-172181,+,MZ22509506,AQUA010757,498397-504224,-
MZ22518487,AMEM005887,171334-172181,+,MZ22509506,ASTE004462,634802-642229,+
MZ22514725,AGAP007354,46008993-46011382,+,MZ22502949,AALB004521,7475664-7481591,+
MZ22514725,AGAP007354,46008993-46011382,+,MZ22502949,AARA007970,13023630-13034119,+
MZ22514725,AGAP007354,46008993-46011382,+,MZ22502949,AATE004700,10571075-10573376,+
MZ22514725,AGAP007354,46008993-46011382,+,MZ22502949,ACHR001263,44529-54831,-
MZ22514725,AGAP007354,46008993-46011382,+,MZ22502949,ACUA022482,5069-7425,+
MZ22514725,AGAP007354,46008993-46011382,+,MZ22502949,ADIR007318,4888412-4899166,-
MZ22514725,AGAP007354,46008993-46011382,+,MZ22502949,AEPI009519,443514-453698,+
MZ22514725,AGAP007354,46008993-46011382,+,MZ22502949,AFUN002040,108688-122187,+
MZ22514725,AGAP007354,46008993-46011382,+,MZ22502949,AMIN010517,2994084-3005147,-
MZ22514725,AGAP007354,46008993-46011382,+,MZ22502949,AQUA004524,2233338-2244125,-
MZ22514725,AGAP007354,46008993-46011382,+,MZ22502949,ASIS020197,64407-67137,+
MZ22514725,AGAP007354,46008993-46011382,+,MZ22502949,ASTE005852,957700-963458,+
MZ22514725,AMEC005293,3804-6159,-,MZ22502949,AALB004521,7475664-7481591,+
MZ22514725,AMEC005293,3804-6159,-,MZ22502949,AARA007970,13023630-13034119,+
MZ22514725,AMEC005293,3804-6159,-,MZ22502949,AATE004700,10571075-10573376,+
MZ22514725,AMEC005293,3804-6159,-,MZ22502949,ACHR001263,44529-54831,-
MZ22514725,AMEC005293,3804-6159,-,MZ22502949,ACUA022482,5069-7425,+
MZ22514725,AMEC005293,3804-6159,-,MZ22502949,ADIR007318,4888412-4899166,-
MZ22514725,AMEC005293,3804-6159,-,MZ22502949,AEPI009519,443514-453698,+
MZ22514725,AMEC005293,3804-6159,-,MZ22502949,AFUN002040,108688-122187,+
MZ22514725,AMEC005293,3804-6159,-,MZ22502949,AMIN010517,2994084-3005147,-
MZ22514725,AMEC005293,3804-6159,-,MZ22502949,AQUA004524,2233338-2244125,-
MZ22514725,AMEC005293,3804-6159,-,MZ22502949,ASIS020197,64407-67137,+
MZ22514725,AMEC005293,3804-6159,-,MZ22502949,ASTE005852,957700-963458,+
MZ22514725,AMEM017160,192755-195221,+,MZ22502949,AALB004521,7475664-7481591,+
MZ22514725,AMEM017160,192755-195221,+,MZ22502949,AARA007970,13023630-13034119,+
MZ22514725,AMEM017160,192755-195221,+,MZ22502949,AATE004700,10571075-10573376,+
MZ22514725,AMEM017160,192755-195221,+,MZ22502949,ACHR001263,44529-54831,-
MZ22514725,AMEM017160,192755-195221,+,MZ22502949,ACUA022482,5069-7425,+
MZ22514725,AMEM017160,192755-195221,+,MZ22502949,ADIR007318,4888412-4899166,-
MZ22514725,AMEM017160,192755-195221,+,MZ22502949,AEPI009519,443514-453698,+
MZ22514725,AMEM017160,192755-195221,+,MZ22502949,AFUN002040,108688-122187,+
MZ22514725,AMEM017160,192755-195221,+,MZ22502949,AMIN010517,2994084-3005147,-
MZ22514725,AMEM017160,192755-195221,+,MZ22502949,AQUA004524,2233338-2244125,-
MZ22514725,AMEM017160,192755-195221,+,MZ22502949,ASIS020197,64407-67137,+
MZ22514725,AMEM017160,192755-195221,+,MZ22502949,ASTE005852,957700-963458,+
MZ22514725,AGAP007354,46008993-46011382,+,MZ22502949,AATE004700,10571075-10573376,+
MZ22514725,AGAP007354,46008993-46011382,+,MZ22502949,ACUA023557,2890-10979,+
MZ22514725,AGAP007354,46008993-46011382,+,MZ22502949,ADAC005074,22315-24713,+
MZ22514725,AGAP007354,46008993-46011382,+,MZ22502949,AFAF020814,263507-264607,-
MZ22514725,AGAP007354,46008993-46011382,+,MZ22502949,ASIS020197,64407-67137,+
MZ22514725,AMEC005293,3804-6159,-,MZ22502949,AATE004700,10571075-10573376,+
MZ22514725,AMEC005293,3804-6159,-,MZ22502949,ACUA023557,2890-10979,+
MZ22514725,AMEC005293,3804-6159,-,MZ22502949,ADAC005074,22315-24713,+
MZ22514725,AMEC005293,3804-6159,-,MZ22502949,AFAF020814,263507-264607,-
MZ22514725,AMEC005293,3804-6159,-,MZ22502949,ASIS020197,64407-67137,+
MZ22514725,AMEM017160,192755-195221,+,MZ22502949,AATE004700,10571075-10573376,+
MZ22514725,AMEM017160,192755-195221,+,MZ22502949,ACUA023557,2890-10979,+
MZ22514725,AMEM017160,192755-195221,+,MZ22502949,ADAC005074,22315-24713,+
MZ22514725,AMEM017160,192755-195221,+,MZ22502949,AFAF020814,263507-264607,-
MZ22514725,AMEM017160,192755-195221,+,MZ22502949,ASIS020197,64407-67137,+
MZ22518487,AGAP007240,44509304-44510154,-,MZ22509506,AATE010575,1209682-1210669,-
MZ22518487,AGAP007240,44509304-44510154,-,MZ22509506,ACUA002769,19170-20030,-
MZ22518487,AGAP007240,44509304-44510154,-,MZ22509506,ASIS015674,15261-15346,-
MZ22518612,AGAP001816,10866333-10867233,-,MZ22503849,ACUA020041,14997-15868,+
MZ22518612,AGAP001816,10866333-10867233,-,MZ22503849,AFUN007988,1885514-1887676,-
MZ22518612,AMEC001998,10560-11454,-,MZ22503849,ACUA020041,14997-15868,+
MZ22518612,AMEC001998,10560-11454,-,MZ22503849,AFUN007988,1885514-1887676,-
MZ22518612,AMEM017680,11817-12736,-,MZ22503849,ACUA020041,14997-15868,+
MZ22518612,AMEM017680,11817-12736,-,MZ22503849,AFUN007988,1885514-1887676,-
MZ22518612,AGAP001816,10866333-10867233,-,MZ22503849,ACUA020041,14997-15868,+
MZ22518612,AGAP001816,10866333-10867233,-,MZ22503849,AEPI002222,26243-28749,-
MZ22518612,AGAP001816,10866333-10867233,-,MZ22503849,AFAF000461,2185342-2187644,+
MZ22518612,AGAP001816,10866333-10867233,-,MZ22503849,AMAM014151,253-1125,+
MZ22518612,AMEC001998,10560-11454,-,MZ22503849,ACUA020041,14997-15868,+
MZ22518612,AMEC001998,10560-11454,-,MZ22503849,AEPI002222,26243-28749,-
MZ22518612,AMEC001998,10560-11454,-,MZ22503849,AFAF000461,2185342-2187644,+
MZ22518612,AMEC001998,10560-11454,-,MZ22503849,AMAM014151,253-1125,+
MZ22518612,AMEM017680,11817-12736,-,MZ22503849,ACUA020041,14997-15868,+
MZ22518612,AMEM017680,11817-12736,-,MZ22503849,AEPI002222,26243-28749,-
MZ22518612,AMEM017680,11817-12736,-,MZ22503849,AFAF000461,2185342-2187644,+
MZ22518612,AMEM017680,11817-12736,-,MZ22503849,AMAM014151,253-1125,+
MZ22506809,ADAC004792,54084-60256,-,MZ22509191,AALB002759,23515306-23519004,-
MZ22506809,ADAC004792,54084-60256,-,MZ22509191,AARA004769,12326270-12330439,-
MZ22506809,ADAC004792,54084-60256,-,MZ22509191,AATE013682,6207733-6211831,-
MZ22506809,ADAC004792,54084-60256,-,MZ22509191,ADIR006594,3255660-3259790,-
MZ22506809,ADAC004792,54084-60256,-,MZ22509191,AEPI002567,157440-161889,-
MZ22506809,ADAC004792,54084-60256,-,MZ22509191,AFUN007755,910007-913804,+
MZ22506809,ADAC004792,54084-60256,-,MZ22509191,AMEM012698,286451-290628,-
MZ22506809,ADAC004792,54084-60256,-,MZ22509191,AMIN003166,13394636-13398436,+
MZ22506809,ADAC004792,54084-60256,-,MZ22509191,AQUA000222,1948359-1952814,+
MZ22506809,ADAC004792,54084-60256,-,MZ22509191,ASTE000478,131067-134953,+
MZ22506809,AFAF010936,700940-705530,+,MZ22509191,AALB002759,23515306-23519004,-
MZ22506809,AFAF010936,700940-705530,+,MZ22509191,AARA004769,12326270-12330439,-
MZ22506809,AFAF010936,700940-705530,+,MZ22509191,AATE013682,6207733-6211831,-
MZ22506809,AFAF010936,700940-705530,+,MZ22509191,ADIR006594,3255660-3259790,-
MZ22506809,AFAF010936,700940-705530,+,MZ22509191,AEPI002567,157440-161889,-
MZ22506809,AFAF010936,700940-705530,+,MZ22509191,AFUN007755,910007-913804,+
MZ22506809,AFAF010936,700940-705530,+,MZ22509191,AMEM012698,286451-290628,-
MZ22506809,AFAF010936,700940-705530,+,MZ22509191,AMIN003166,13394636-13398436,+
MZ22506809,AFAF010936,700940-705530,+,MZ22509191,AQUA000222,1948359-1952814,+
MZ22506809,AFAF010936,700940-705530,+,MZ22509191,ASTE000478,131067-134953,+
MZ22506809,ASIS019251,77925-84265,-,MZ22509191,AALB002759,23515306-23519004,-
MZ22506809,ASIS019251,77925-84265,-,MZ22509191,AARA004769,12326270-12330439,-
MZ22506809,ASIS019251,77925-84265,-,MZ22509191,AATE013682,6207733-6211831,-
MZ22506809,ASIS019251,77925-84265,-,MZ22509191,ADIR006594,3255660-3259790,-
MZ22506809,ASIS019251,77925-84265,-,MZ22509191,AEPI002567,157440-161889,-
MZ22506809,ASIS019251,77925-84265,-,MZ22509191,AFUN007755,910007-913804,+
MZ22506809,ASIS019251,77925-84265,-,MZ22509191,AMEM012698,286451-290628,-
MZ22506809,ASIS019251,77925-84265,-,MZ22509191,AMIN003166,13394636-13398436,+
MZ22506809,ASIS019251,77925-84265,-,MZ22509191,AQUA000222,1948359-1952814,+
MZ22506809,ASIS019251,77925-84265,-,MZ22509191,ASTE000478,131067-134953,+
MZ22506809,AFAF010936,700940-705530,+,MZ22509191,AARA004769,12326270-12330439,-
MZ22506809,AFAF010936,700940-705530,+,MZ22509191,ACHR000553,42907-46905,+
MZ22506809,AFAF010936,700940-705530,+,MZ22509191,ACUA008333,27268-31095,+
MZ22506809,AFAF010936,700940-705530,+,MZ22509191,ADIR006594,3255660-3259790,-
MZ22506809,AFAF010936,700940-705530,+,MZ22509191,AEPI002567,157440-161889,-
MZ22506809,AFAF010936,700940-705530,+,MZ22509191,AFUN007755,910007-913804,+
MZ22506809,AFAF010936,700940-705530,+,MZ22509191,AGAP002952,30054830-30063728,-
MZ22506809,AFAF010936,700940-705530,+,MZ22509191,AMEM012698,286451-290628,-
MZ22506809,AFAF010936,700940-705530,+,MZ22509191,AMIN003166,13394636-13398436,+
MZ22506809,AFAF010936,700940-705530,+,MZ22509191,AQUA000222,1948359-1952814,+
MZ22506809,AFAF010936,700940-705530,+,MZ22509191,ASTE000478,131067-134953,+
MZ22515259,AGAP013284,5055622-5056878,+,MZ22523467,AALB002307,16734482-16738125,+
MZ22515259,AGAP013284,5055622-5056878,+,MZ22523467,AARA001895,4917539-4922044,+
MZ22515259,AGAP013284,5055622-5056878,+,MZ22523467,AATE010829,8508926-8514947,+
MZ22515259,AGAP013284,5055622-5056878,+,MZ22523467,ACHR003518,14648-18708,+
MZ22515259,AGAP013284,5055622-5056878,+,MZ22523467,ACUA016196,4241-9078,+
MZ22515259,AGAP013284,5055622-5056878,+,MZ22523467,ADIR002448,1124739-1129406,+
MZ22515259,AGAP013284,5055622-5056878,+,MZ22523467,AEPI001056,916-4857,-
MZ22515259,AGAP013284,5055622-5056878,+,MZ22523467,AMIN003257,14955077-14959208,+
MZ22515259,AGAP013284,5055622-5056878,+,MZ22523467,AQUA006624,4004548-4009066,+
MZ22515259,AGAP013284,5055622-5056878,+,MZ22523467,ASIS013177,16111-18259,+
MZ22515259,AGAP013284,5055622-5056878,+,MZ22523467,ASTE002423,816056-820421,+
MZ22515259,AMEM003520,325149-326549,+,MZ22523467,AALB002307,16734482-16738125,+
MZ22515259,AMEM003520,325149-326549,+,MZ22523467,AARA001895,4917539-4922044,+
MZ22515259,AMEM003520,325149-326549,+,MZ22523467,AATE010829,8508926-8514947,+
MZ22515259,AMEM003520,325149-326549,+,MZ22523467,ACHR003518,14648-18708,+
MZ22515259,AMEM003520,325149-326549,+,MZ22523467,ACUA016196,4241-9078,+
MZ22515259,AMEM003520,325149-326549,+,MZ22523467,ADIR002448,1124739-1129406,+
MZ22515259,AMEM003520,325149-326549,+,MZ22523467,AEPI001056,916-4857,-
MZ22515259,AMEM003520,325149-326549,+,MZ22523467,AMIN003257,14955077-14959208,+
MZ22515259,AMEM003520,325149-326549,+,MZ22523467,AQUA006624,4004548-4009066,+
MZ22515259,AMEM003520,325149-326549,+,MZ22523467,ASIS013177,16111-18259,+
MZ22515259,AMEM003520,325149-326549,+,MZ22523467,ASTE002423,816056-820421,+
MZ22515259,ADAC007676,2492-3718,-,MZ22523467,AFUN008319,778018-782321,-
MZ22515259,AGAP013284,5055622-5056878,+,MZ22523467,AFUN008319,778018-782321,-
MZ22515259,AMEM003520,325149-326549,+,MZ22523467,AFUN008319,778018-782321,-
MZ22517038,AALB004577,8333231-8341136,+,MZ22509079,AARA007482,4348981-4360119,-
MZ22517038,AALB004577,8333231-8341136,+,MZ22509079,AATE019063,5161144-5170941,-
MZ22517038,AALB004577,8333231-8341136,+,MZ22509079,ACUA003344,21082-30841,+
MZ22517038,AALB004577,8333231-8341136,+,MZ22509079,ADIR008126,20178072-20187894,+
MZ22517038,AALB004577,8333231-8341136,+,MZ22509079,AFUN001983,368017-377693,-
MZ22517038,AALB004577,8333231-8341136,+,MZ22509079,AMEC005146,18535-29066,+
MZ22517038,AALB004577,8333231-8341136,+,MZ22509079,AMEM012528,200069-211114,-
MZ22517038,AALB004577,8333231-8341136,+,MZ22509079,AMIN007531,94188-104506,-
MZ22517038,AALB004577,8333231-8341136,+,MZ22509079,AQUA010927,483173-494341,+
MZ22517038,AALB004577,8333231-8341136,+,MZ22509079,ASTE002753,668050-678648,-
MZ22517038,ADAC006954,191801-200555,-,MZ22509079,AARA007482,4348981-4360119,-
MZ22517038,ADAC006954,191801-200555,-,MZ22509079,AATE019063,5161144-5170941,-
MZ22517038,ADAC006954,191801-200555,-,MZ22509079,ACUA003344,21082-30841,+
MZ22517038,ADAC006954,191801-200555,-,MZ22509079,ADIR008126,20178072-20187894,+
MZ22517038,ADAC006954,191801-200555,-,MZ22509079,AFUN001983,368017-377693,-
MZ22517038,ADAC006954,191801-200555,-,MZ22509079,AMEC005146,18535-29066,+
MZ22517038,ADAC006954,191801-200555,-,MZ22509079,AMEM012528,200069-211114,-
MZ22517038,ADAC006954,191801-200555,-,MZ22509079,AMIN007531,94188-104506,-
MZ22517038,ADAC006954,191801-200555,-,MZ22509079,AQUA010927,483173-494341,+
MZ22517038,ADAC006954,191801-200555,-,MZ22509079,ASTE002753,668050-678648,-
MZ22517038,AEPI007208,321471-330695,-,MZ22509079,AARA007482,4348981-4360119,-
MZ22517038,AEPI007208,321471-330695,-,MZ22509079,AATE019063,5161144-5170941,-
MZ22517038,AEPI007208,321471-330695,-,MZ22509079,ACUA003344,21082-30841,+
MZ22517038,AEPI007208,321471-330695,-,MZ22509079,ADIR008126,20178072-20187894,+
MZ22517038,AEPI007208,321471-330695,-,MZ22509079,AFUN001983,368017-377693,-
MZ22517038,AEPI007208,321471-330695,-,MZ22509079,AMEC005146,18535-29066,+
MZ22517038,AEPI007208,321471-330695,-,MZ22509079,AMEM012528,200069-211114,-
MZ22517038,AEPI007208,321471-330695,-,MZ22509079,AMIN007531,94188-104506,-
MZ22517038,AEPI007208,321471-330695,-,MZ22509079,AQUA010927,483173-494341,+
MZ22517038,AEPI007208,321471-330695,-,MZ22509079,ASTE002753,668050-678648,-
MZ22517038,AALB004577,8333231-8341136,+,MZ22509079,AARA007482,4348981-4360119,-
MZ22517038,AALB004577,8333231-8341136,+,MZ22509079,AATE019063,5161144-5170941,-
MZ22517038,AALB004577,8333231-8341136,+,MZ22509079,ACUA003344,21082-30841,+
MZ22517038,AALB004577,8333231-8341136,+,MZ22509079,ADIR008126,20178072-20187894,+
MZ22517038,AALB004577,8333231-8341136,+,MZ22509079,AFUN001983,368017-377693,-
MZ22517038,AALB004577,8333231-8341136,+,MZ22509079,AGAP006038,25524992-25544252,+
MZ22517038,AALB004577,8333231-8341136,+,MZ22509079,AMEM012528,200069-211114,-
MZ22517038,AALB004577,8333231-8341136,+,MZ22509079,AQUA010927,483173-494341,+
MZ22517038,AALB004577,8333231-8341136,+,MZ22509079,ASIS003392,8665-23235,-
MZ22517038,AALB004577,8333231-8341136,+,MZ22509079,ASTE002753,668050-678648,-
MZ22517038,ADAC006954,191801-200555,-,MZ22509079,AARA007482,4348981-4360119,-
MZ22517038,ADAC006954,191801-200555,-,MZ22509079,AATE019063,5161144-5170941,-
MZ22517038,ADAC006954,191801-200555,-,MZ22509079,ACUA003344,21082-30841,+
MZ22517038,ADAC006954,191801-200555,-,MZ22509079,ADIR008126,20178072-20187894,+
MZ22517038,ADAC006954,191801-200555,-,MZ22509079,AFUN001983,368017-377693,-
MZ22517038,ADAC006954,191801-200555,-,MZ22509079,AGAP006038,25524992-25544252,+
MZ22517038,ADAC006954,191801-200555,-,MZ22509079,AMEM012528,200069-211114,-
MZ22517038,ADAC006954,191801-200555,-,MZ22509079,AQUA010927,483173-494341,+
MZ22517038,ADAC006954,191801-200555,-,MZ22509079,ASIS003392,8665-23235,-
MZ22517038,ADAC006954,191801-200555,-,MZ22509079,ASTE002753,668050-678648,-
MZ22517038,AEPI007208,321471-330695,-,MZ22509079,AARA007482,4348981-4360119,-
MZ22517038,AEPI007208,321471-330695,-,MZ22509079,AATE019063,5161144-5170941,-
MZ22517038,AEPI007208,321471-330695,-,MZ22509079,ACUA003344,21082-30841,+
MZ22517038,AEPI007208,321471-330695,-,MZ22509079,ADIR008126,20178072-20187894,+
MZ22517038,AEPI007208,321471-330695,-,MZ22509079,AFUN001983,368017-377693,-
MZ22517038,AEPI007208,321471-330695,-,MZ22509079,AGAP006038,25524992-25544252,+
MZ22517038,AEPI007208,321471-330695,-,MZ22509079,AMEM012528,200069-211114,-
MZ22517038,AEPI007208,321471-330695,-,MZ22509079,AQUA010927,483173-494341,+
MZ22517038,AEPI007208,321471-330695,-,MZ22509079,ASIS003392,8665-23235,-
MZ22517038,AEPI007208,321471-330695,-,MZ22509079,ASTE002753,668050-678648,-
MZ22506348,AALB006314,441967-455592,+,MZ22507135,AARA010699,8901301-8908597,+
MZ22506348,AALB006314,441967-455592,+,MZ22507135,ACUA010119,289-3603,-
MZ22506348,AALB006314,441967-455592,+,MZ22507135,AFAF006766,33909-37833,+
MZ22506348,AEPI000668,523456-541640,-,MZ22507135,AARA010699,8901301-8908597,+
MZ22506348,AEPI000668,523456-541640,-,MZ22507135,ACUA010119,289-3603,-
MZ22506348,AEPI000668,523456-541640,-,MZ22507135,AFAF006766,33909-37833,+
MZ22506348,AEPI000668,523456-541640,-,MZ22507135,AARA010699,8901301-8908597,+
MZ22506348,AEPI000668,523456-541640,-,MZ22507135,ADIR001170,1622288-1624330,-
MZ22506348,AEPI000668,523456-541640,-,MZ22507135,AGAP000418,7444787-7475172,-
MZ22506348,AEPI000668,523456-541640,-,MZ22507135,AMIN005705,8992848-9000437,-
MZ22506348,AEPI000668,523456-541640,-,MZ22507135,AQUA001790,253244-294623,+
MZ22506348,AEPI000668,523456-541640,-,MZ22507135,ASTE011624,609023-611966,-
MZ22523747,AARA006089,1404524-1407005,-,MZ22513314,AALB004734,10541375-10542630,+
MZ22523747,AARA006089,1404524-1407005,-,MZ22513314,ACHR001776,20560-21570,+
MZ22523747,AARA006089,1404524-1407005,-,MZ22513314,ADIR009234,1707794-1711087,-
MZ22523747,AARA006089,1404524-1407005,-,MZ22513314,AEPI010071,166357-175747,+
MZ22523747,AARA006089,1404524-1407005,-,MZ22513314,AFUN006754,222474-223730,+
MZ22523747,AARA006089,1404524-1407005,-,MZ22513314,AGAP004876,4845959-4847193,+
MZ22523747,AARA006089,1404524-1407005,-,MZ22513314,AMIN011657,21223810-21225052,+
MZ22523747,AARA006089,1404524-1407005,-,MZ22513314,ASTE007977,110603-111854,-
MZ22523747,AQUA010684,187512-190005,+,MZ22513314,AALB004734,10541375-10542630,+
MZ22523747,AQUA010684,187512-190005,+,MZ22513314,ACHR001776,20560-21570,+
MZ22523747,AQUA010684,187512-190005,+,MZ22513314,ADIR009234,1707794-1711087,-
MZ22523747,AQUA010684,187512-190005,+,MZ22513314,AEPI010071,166357-175747,+
MZ22523747,AQUA010684,187512-190005,+,MZ22513314,AFUN006754,222474-223730,+
MZ22523747,AQUA010684,187512-190005,+,MZ22513314,AGAP004876,4845959-4847193,+
MZ22523747,AQUA010684,187512-190005,+,MZ22513314,AMIN011657,21223810-21225052,+
MZ22523747,AQUA010684,187512-190005,+,MZ22513314,ASTE007977,110603-111854,-
MZ22523747,AARA006089,1404524-1407005,-,MZ22513314,AALB004734,10541375-10542630,+
MZ22523747,AARA006089,1404524-1407005,-,MZ22513314,ADAC010471,190088-191342,+
MZ22523747,AARA006089,1404524-1407005,-,MZ22513314,ADIR009234,1707794-1711087,-
MZ22523747,AARA006089,1404524-1407005,-,MZ22513314,AEPI010071,166357-175747,+
MZ22523747,AARA006089,1404524-1407005,-,MZ22513314,AFAF008231,1260253-1261584,-
MZ22523747,AARA006089,1404524-1407005,-,MZ22513314,AFUN006754,222474-223730,+
MZ22523747,AARA006089,1404524-1407005,-,MZ22513314,AGAP004876,4845959-4847193,+
MZ22523747,AARA006089,1404524-1407005,-,MZ22513314,AMIN011657,21223810-21225052,+
MZ22523747,AARA006089,1404524-1407005,-,MZ22513314,ASIS023576,158742-159950,-
MZ22523747,AARA006089,1404524-1407005,-,MZ22513314,ASTE007977,110603-111854,-
MZ22523747,AQUA010684,187512-190005,+,MZ22513314,AALB004734,10541375-10542630,+
MZ22523747,AQUA010684,187512-190005,+,MZ22513314,ADAC010471,190088-191342,+
MZ22523747,AQUA010684,187512-190005,+,MZ22513314,ADIR009234,1707794-1711087,-
MZ22523747,AQUA010684,187512-190005,+,MZ22513314,AEPI010071,166357-175747,+
MZ22523747,AQUA010684,187512-190005,+,MZ22513314,AFAF008231,1260253-1261584,-
MZ22523747,AQUA010684,187512-190005,+,MZ22513314,AFUN006754,222474-223730,+
MZ22523747,AQUA010684,187512-190005,+,MZ22513314,AGAP004876,4845959-4847193,+
MZ22523747,AQUA010684,187512-190005,+,MZ22513314,AMIN011657,21223810-21225052,+
MZ22523747,AQUA010684,187512-190005,+,MZ22513314,ASIS023576,158742-159950,-
MZ22523747,AQUA010684,187512-190005,+,MZ22513314,ASTE007977,110603-111854,-
MZ22526808,AARA011590,2755096-2755800,+,MZ22526813,AALB003667,5548654-5549206,-
MZ22526808,AARA011590,2755096-2755800,+,MZ22526813,AATE000124,3520861-3521372,-
MZ22526808,AARA011590,2755096-2755800,+,MZ22526813,ACHR004657,305-3336,+
MZ22526808,AARA011590,2755096-2755800,+,MZ22526813,ADAC006542,21148-21676,+
MZ22526808,AARA011590,2755096-2755800,+,MZ22526813,ADIR005543,4920096-4920588,+
MZ22526808,AARA011590,2755096-2755800,+,MZ22526813,AEPI000223,50830-54371,-
MZ22526808,AARA011590,2755096-2755800,+,MZ22526813,AFAF012173,236824-237326,+
MZ22526808,AARA011590,2755096-2755800,+,MZ22526813,AGAP004213,51943625-51944155,-
MZ22526808,AARA011590,2755096-2755800,+,MZ22526813,AMIN004140,30557230-30557718,+
MZ22526808,AARA011590,2755096-2755800,+,MZ22526813,ASTE003736,278034-278523,+
MZ22526808,AMEM010250,4075-4653,+,MZ22526813,AALB003667,5548654-5549206,-
MZ22526808,AMEM010250,4075-4653,+,MZ22526813,AATE000124,3520861-3521372,-
MZ22526808,AMEM010250,4075-4653,+,MZ22526813,ACHR004657,305-3336,+
MZ22526808,AMEM010250,4075-4653,+,MZ22526813,ADAC006542,21148-21676,+
MZ22526808,AMEM010250,4075-4653,+,MZ22526813,ADIR005543,4920096-4920588,+
MZ22526808,AMEM010250,4075-4653,+,MZ22526813,AEPI000223,50830-54371,-
MZ22526808,AMEM010250,4075-4653,+,MZ22526813,AFAF012173,236824-237326,+
MZ22526808,AMEM010250,4075-4653,+,MZ22526813,AGAP004213,51943625-51944155,-
MZ22526808,AMEM010250,4075-4653,+,MZ22526813,AMIN004140,30557230-30557718,+
MZ22526808,AMEM010250,4075-4653,+,MZ22526813,ASTE003736,278034-278523,+
MZ22526808,AQUA008835,1753303-1753890,+,MZ22526813,AALB003667,5548654-5549206,-
MZ22526808,AQUA008835,1753303-1753890,+,MZ22526813,AATE000124,3520861-3521372,-
MZ22526808,AQUA008835,1753303-1753890,+,MZ22526813,ACHR004657,305-3336,+
MZ22526808,AQUA008835,1753303-1753890,+,MZ22526813,ADAC006542,21148-21676,+
MZ22526808,AQUA008835,1753303-1753890,+,MZ22526813,ADIR005543,4920096-4920588,+
MZ22526808,AQUA008835,1753303-1753890,+,MZ22526813,AEPI000223,50830-54371,-
MZ22526808,AQUA008835,1753303-1753890,+,MZ22526813,AFAF012173,236824-237326,+
MZ22526808,AQUA008835,1753303-1753890,+,MZ22526813,AGAP004213,51943625-51944155,-
MZ22526808,AQUA008835,1753303-1753890,+,MZ22526813,AMIN004140,30557230-30557718,+
MZ22526808,AQUA008835,1753303-1753890,+,MZ22526813,ASTE003736,278034-278523,+
MZ22526808,AARA011590,2755096-2755800,+,MZ22526813,ACUA003454,29006-29481,+
MZ22526808,AARA011590,2755096-2755800,+,MZ22526813,ADIR005543,4920096-4920588,+
MZ22526808,AARA011590,2755096-2755800,+,MZ22526813,AEPI000223,50830-54371,-
MZ22526808,AARA011590,2755096-2755800,+,MZ22526813,AFAF012173,236824-237326,+
MZ22526808,AARA011590,2755096-2755800,+,MZ22526813,AFUN008218,322609-325917,-
MZ22526808,AARA011590,2755096-2755800,+,MZ22526813,AGAP004213,51943625-51944155,-
MZ22526808,AARA011590,2755096-2755800,+,MZ22526813,AMIN004140,30557230-30557718,+
MZ22526808,AARA011590,2755096-2755800,+,MZ22526813,ASTE003736,278034-278523,+
MZ22526808,AQUA008835,1753303-1753890,+,MZ22526813,ACUA003454,29006-29481,+
MZ22526808,AQUA008835,1753303-1753890,+,MZ22526813,ADIR005543,4920096-4920588,+
MZ22526808,AQUA008835,1753303-1753890,+,MZ22526813,AEPI000223,50830-54371,-
MZ22526808,AQUA008835,1753303-1753890,+,MZ22526813,AFAF012173,236824-237326,+
MZ22526808,AQUA008835,1753303-1753890,+,MZ22526813,AFUN008218,322609-325917,-
MZ22526808,AQUA008835,1753303-1753890,+,MZ22526813,AGAP004213,51943625-51944155,-
MZ22526808,AQUA008835,1753303-1753890,+,MZ22526813,AMIN004140,30557230-30557718,+
MZ22526808,AQUA008835,1753303-1753890,+,MZ22526813,ASTE003736,278034-278523,+
MZ22520218,ASIS022490,173106-177560,-,MZ22501769,AALB007884,712679-726247,-
MZ22520218,ASIS022490,173106-177560,-,MZ22501769,AARA007169,1654250-1672449,-
MZ22520218,ASIS022490,173106-177560,-,MZ22501769,AATE019607,819431-829111,-
MZ22520218,ASIS022490,173106-177560,-,MZ22501769,ACHR000694,10901-24368,+
MZ22520218,ASIS022490,173106-177560,-,MZ22501769,ADAC008735,87420-120096,-
MZ22520218,ASIS022490,173106-177560,-,MZ22501769,ADIR004053,1957736-1994968,-
MZ22520218,ASIS022490,173106-177560,-,MZ22501769,AEPI007334,94527-106370,-
MZ22520218,ASIS022490,173106-177560,-,MZ22501769,AFAF019844,414714-429372,+
MZ22520218,ASIS022490,173106-177560,-,MZ22501769,AGAP010242,51455817-51469790,-
MZ22520218,ASIS022490,173106-177560,-,MZ22501769,AMIN001151,695362-729082,+
MZ22520218,ASIS022490,173106-177560,-,MZ22501769,AQUA009798,144120-159033,+
MZ22520218,ASIS022490,173106-177560,-,MZ22501769,ASTE010948,102520-117253,-
MZ22520218,ASIS022490,173106-177560,-,MZ22501769,AARA007169,1654250-1672449,-
MZ22520218,ASIS022490,173106-177560,-,MZ22501769,AATE019607,819431-829111,-
MZ22520218,ASIS022490,173106-177560,-,MZ22501769,AMEM008203,29507-59335,-
MZ22515311,AALB007012,895673-897437,-,MZ22506271,AARA010746,9600682-9604162,+
MZ22515311,AALB007012,895673-897437,-,MZ22506271,AATE018298,1310066-1311430,+
MZ22515311,AALB007012,895673-897437,-,MZ22506271,ADIR001144,1337650-1341856,+
MZ22515311,AALB007012,895673-897437,-,MZ22506271,AEPI010157,397329-400997,-
MZ22515311,AALB007012,895673-897437,-,MZ22506271,AFAF004708,34758-38677,+
MZ22515311,AALB007012,895673-897437,-,MZ22506271,AFUN005754,676703-680315,+
MZ22515311,AALB007012,895673-897437,-,MZ22506271,AGAP000372,6807972-6813218,-
MZ22515311,AALB007012,895673-897437,-,MZ22506271,AMEM010576,805076-813651,-
MZ22515311,AALB007012,895673-897437,-,MZ22506271,AMIN005675,8743968-8748663,+
MZ22515311,AALB007012,895673-897437,-,MZ22506271,AQUA010190,598925-605076,+
MZ22515311,AALB007012,895673-897437,-,MZ22506271,ASTE011595,316955-323509,+
MZ22519119,AALB001400,1460586-1464644,-,MZ22518135,AARA005189,4413352-4414816,-
MZ22519119,AALB001400,1460586-1464644,-,MZ22518135,AATE019531,19967809-19969499,+
MZ22519119,AALB001400,1460586-1464644,-,MZ22518135,ACHR007698,2958-4011,+
MZ22519119,AALB001400,1460586-1464644,-,MZ22518135,ADIR005896,85777-87725,-
MZ22519119,AALB001400,1460586-1464644,-,MZ22518135,AEPI006990,289624-290787,+
MZ22519119,AALB001400,1460586-1464644,-,MZ22518135,AFAF015573,1683715-1685502,+
MZ22519119,AALB001400,1460586-1464644,-,MZ22518135,AFUN003578,121378-123780,-
MZ22519119,AALB001400,1460586-1464644,-,MZ22518135,AGAP007933,3138988-3140001,+
MZ22519119,AALB001400,1460586-1464644,-,MZ22518135,AMEM001509,95404-97501,+
MZ22519119,AALB001400,1460586-1464644,-,MZ22518135,AMIN007061,162640-166802,+
MZ22519119,AALB001400,1460586-1464644,-,MZ22518135,AQUA000731,1717218-1718670,-
MZ22519119,AALB001400,1460586-1464644,-,MZ22518135,ASTE006487,3230708-3231922,-
MZ22519119,ADAC005173,59303-60721,-,MZ22518135,AARA005189,4413352-4414816,-
MZ22519119,ADAC005173,59303-60721,-,MZ22518135,AATE019531,19967809-19969499,+
MZ22519119,ADAC005173,59303-60721,-,MZ22518135,ACHR007698,2958-4011,+
MZ22519119,ADAC005173,59303-60721,-,MZ22518135,ADIR005896,85777-87725,-
MZ22519119,ADAC005173,59303-60721,-,MZ22518135,AEPI006990,289624-290787,+
MZ22519119,ADAC005173,59303-60721,-,MZ22518135,AFAF015573,1683715-1685502,+
MZ22519119,ADAC005173,59303-60721,-,MZ22518135,AFUN003578,121378-123780,-
MZ22519119,ADAC005173,59303-60721,-,MZ22518135,AGAP007933,3138988-3140001,+
MZ22519119,ADAC005173,59303-60721,-,MZ22518135,AMEM001509,95404-97501,+
MZ22519119,ADAC005173,59303-60721,-,MZ22518135,AMIN007061,162640-166802,+
MZ22519119,ADAC005173,59303-60721,-,MZ22518135,AQUA000731,1717218-1718670,-
MZ22519119,ADAC005173,59303-60721,-,MZ22518135,ASTE006487,3230708-3231922,-
MZ22519119,AALB001400,1460586-1464644,-,MZ22518135,AARA005189,4413352-4414816,-
MZ22519119,AALB001400,1460586-1464644,-,MZ22518135,AATE019531,19967809-19969499,+
MZ22519119,AALB001400,1460586-1464644,-,MZ22518135,ADIR005896,85777-87725,-
MZ22519119,AALB001400,1460586-1464644,-,MZ22518135,AEPI006990,289624-290787,+
MZ22519119,AALB001400,1460586-1464644,-,MZ22518135,AFAF015573,1683715-1685502,+
MZ22519119,AALB001400,1460586-1464644,-,MZ22518135,AFUN003578,121378-123780,-
MZ22519119,AALB001400,1460586-1464644,-,MZ22518135,AGAP007933,3138988-3140001,+
MZ22519119,AALB001400,1460586-1464644,-,MZ22518135,AMEM001509,95404-97501,+
MZ22519119,AALB001400,1460586-1464644,-,MZ22518135,AMIN007061,162640-166802,+
MZ22519119,AALB001400,1460586-1464644,-,MZ22518135,AQUA000731,1717218-1718670,-
MZ22519119,AALB001400,1460586-1464644,-,MZ22518135,ASTE006487,3230708-3231922,-
MZ22519119,ADAC005173,59303-60721,-,MZ22518135,AARA005189,4413352-4414816,-
MZ22519119,ADAC005173,59303-60721,-,MZ22518135,AATE019531,19967809-19969499,+
MZ22519119,ADAC005173,59303-60721,-,MZ22518135,ADIR005896,85777-87725,-
MZ22519119,ADAC005173,59303-60721,-,MZ22518135,AEPI006990,289624-290787,+
MZ22519119,ADAC005173,59303-60721,-,MZ22518135,AFAF015573,1683715-1685502,+
MZ22519119,ADAC005173,59303-60721,-,MZ22518135,AFUN003578,121378-123780,-
MZ22519119,ADAC005173,59303-60721,-,MZ22518135,AGAP007933,3138988-3140001,+
MZ22519119,ADAC005173,59303-60721,-,MZ22518135,AMEM001509,95404-97501,+
MZ22519119,ADAC005173,59303-60721,-,MZ22518135,AMIN007061,162640-166802,+
MZ22519119,ADAC005173,59303-60721,-,MZ22518135,AQUA000731,1717218-1718670,-
MZ22519119,ADAC005173,59303-60721,-,MZ22518135,ASTE006487,3230708-3231922,-
MZ22521610,AATE017707,535059-536090,+,MZ22508066,AALB003978,1428128-1433350,-
MZ22521610,AATE017707,535059-536090,+,MZ22508066,AARA005952,1966178-1976262,-
MZ22521610,AATE017707,535059-536090,+,MZ22508066,ACHR003100,12613-13393,+
MZ22521610,AATE017707,535059-536090,+,MZ22508066,ACUA017221,22053-34694,+
MZ22521610,AATE017707,535059-536090,+,MZ22508066,ADAC006592,11629-12761,-
MZ22521610,AATE017707,535059-536090,+,MZ22508066,AFAF007887,39305-44754,+
MZ22521610,AATE017707,535059-536090,+,MZ22508066,AGAP010464,3944953-3945956,-
MZ22521610,AATE017707,535059-536090,+,MZ22508066,AMEM004240,60157-61159,+
MZ22521610,AATE017707,535059-536090,+,MZ22508066,AMIN005019,1116385-1121981,-
MZ22521610,AATE017707,535059-536090,+,MZ22508066,AQUA005973,81198-93781,+
MZ22521610,AATE017707,535059-536090,+,MZ22508066,ASTE003817,286547-293193,+
MZ22521610,ADIR005685,1918154-1919180,+,MZ22508066,AALB003978,1428128-1433350,-
MZ22521610,ADIR005685,1918154-1919180,+,MZ22508066,AARA005952,1966178-1976262,-
MZ22521610,ADIR005685,1918154-1919180,+,MZ22508066,ACHR003100,12613-13393,+
MZ22521610,ADIR005685,1918154-1919180,+,MZ22508066,ACUA017221,22053-34694,+
MZ22521610,ADIR005685,1918154-1919180,+,MZ22508066,ADAC006592,11629-12761,-
MZ22521610,ADIR005685,1918154-1919180,+,MZ22508066,AFAF007887,39305-44754,+
MZ22521610,ADIR005685,1918154-1919180,+,MZ22508066,AGAP010464,3944953-3945956,-
MZ22521610,ADIR005685,1918154-1919180,+,MZ22508066,AMEM004240,60157-61159,+
MZ22521610,ADIR005685,1918154-1919180,+,MZ22508066,AMIN005019,1116385-1121981,-
MZ22521610,ADIR005685,1918154-1919180,+,MZ22508066,AQUA005973,81198-93781,+
MZ22521610,ADIR005685,1918154-1919180,+,MZ22508066,ASTE003817,286547-293193,+
MZ22521610,ASIS016041,110611-111614,+,MZ22508066,AALB003978,1428128-1433350,-
MZ22521610,ASIS016041,110611-111614,+,MZ22508066,AARA005952,1966178-1976262,-
MZ22521610,ASIS016041,110611-111614,+,MZ22508066,ACHR003100,12613-13393,+
MZ22521610,ASIS016041,110611-111614,+,MZ22508066,ACUA017221,22053-34694,+
MZ22521610,ASIS016041,110611-111614,+,MZ22508066,ADAC006592,11629-12761,-
MZ22521610,ASIS016041,110611-111614,+,MZ22508066,AFAF007887,39305-44754,+
MZ22521610,ASIS016041,110611-111614,+,MZ22508066,AGAP010464,3944953-3945956,-
MZ22521610,ASIS016041,110611-111614,+,MZ22508066,AMEM004240,60157-61159,+
MZ22521610,ASIS016041,110611-111614,+,MZ22508066,AMIN005019,1116385-1121981,-
MZ22521610,ASIS016041,110611-111614,+,MZ22508066,AQUA005973,81198-93781,+
MZ22521610,ASIS016041,110611-111614,+,MZ22508066,ASTE003817,286547-293193,+
MZ22521610,AATE017707,535059-536090,+,MZ22508066,AALB003978,1428128-1433350,-
MZ22521610,AATE017707,535059-536090,+,MZ22508066,AARA005952,1966178-1976262,-
MZ22521610,AATE017707,535059-536090,+,MZ22508066,ACUA017221,22053-34694,+
MZ22521610,AATE017707,535059-536090,+,MZ22508066,ADAC006592,11629-12761,-
MZ22521610,AATE017707,535059-536090,+,MZ22508066,AFAF007887,39305-44754,+
MZ22521610,AATE017707,535059-536090,+,MZ22508066,AGAP010464,3944953-3945956,-
MZ22521610,AATE017707,535059-536090,+,MZ22508066,AMIN005019,1116385-1121981,-
MZ22521610,AATE017707,535059-536090,+,MZ22508066,AQUA005973,81198-93781,+
MZ22521610,AATE017707,535059-536090,+,MZ22508066,ASTE003817,286547-293193,+
MZ22521610,ADIR005685,1918154-1919180,+,MZ22508066,AALB003978,1428128-1433350,-
MZ22521610,ADIR005685,1918154-1919180,+,MZ22508066,AARA005952,1966178-1976262,-
MZ22521610,ADIR005685,1918154-1919180,+,MZ22508066,ACUA017221,22053-34694,+
MZ22521610,ADIR005685,1918154-1919180,+,MZ22508066,ADAC006592,11629-12761,-
MZ22521610,ADIR005685,1918154-1919180,+,MZ22508066,AFAF007887,39305-44754,+
MZ22521610,ADIR005685,1918154-1919180,+,MZ22508066,AGAP010464,3944953-3945956,-
MZ22521610,ADIR005685,1918154-1919180,+,MZ22508066,AMIN005019,1116385-1121981,-
MZ22521610,ADIR005685,1918154-1919180,+,MZ22508066,AQUA005973,81198-93781,+
MZ22521610,ADIR005685,1918154-1919180,+,MZ22508066,ASTE003817,286547-293193,+
MZ22521610,ASIS016041,110611-111614,+,MZ22508066,AALB003978,1428128-1433350,-
MZ22521610,ASIS016041,110611-111614,+,MZ22508066,AARA005952,1966178-1976262,-
MZ22521610,ASIS016041,110611-111614,+,MZ22508066,ACUA017221,22053-34694,+
MZ22521610,ASIS016041,110611-111614,+,MZ22508066,ADAC006592,11629-12761,-
MZ22521610,ASIS016041,110611-111614,+,MZ22508066,AFAF007887,39305-44754,+
MZ22521610,ASIS016041,110611-111614,+,MZ22508066,AGAP010464,3944953-3945956,-
MZ22521610,ASIS016041,110611-111614,+,MZ22508066,AMIN005019,1116385-1121981,-
MZ22521610,ASIS016041,110611-111614,+,MZ22508066,AQUA005973,81198-93781,+
MZ22521610,ASIS016041,110611-111614,+,MZ22508066,ASTE003817,286547-293193,+
MZ22516940,AATE007013,16448328-16451712,-,MZ22516071,AARA000254,2081873-2083158,-
MZ22516940,AATE007013,16448328-16451712,-,MZ22516071,ACHR002071,14744-15929,-
MZ22516940,AATE007013,16448328-16451712,-,MZ22516071,AEPI002397,152237-153425,-
MZ22516940,AATE007013,16448328-16451712,-,MZ22516071,AGAP009349,31590412-31591699,+
MZ22516940,AATE007013,16448328-16451712,-,MZ22516071,AMEM001213,823533-824816,+
MZ22516940,AATE007013,16448328-16451712,-,MZ22516071,AQUA003330,187911-189198,-
MZ22516940,ADIR006116,3868456-3869069,+,MZ22516071,AARA000254,2081873-2083158,-
MZ22516940,ADIR006116,3868456-3869069,+,MZ22516071,ACHR002071,14744-15929,-
MZ22516940,ADIR006116,3868456-3869069,+,MZ22516071,AEPI002397,152237-153425,-
MZ22516940,ADIR006116,3868456-3869069,+,MZ22516071,AGAP009349,31590412-31591699,+
MZ22516940,ADIR006116,3868456-3869069,+,MZ22516071,AMEM001213,823533-824816,+
MZ22516940,ADIR006116,3868456-3869069,+,MZ22516071,AQUA003330,187911-189198,-
MZ22516940,ASIS013821,46748-47776,+,MZ22516071,AARA000254,2081873-2083158,-
MZ22516940,ASIS013821,46748-47776,+,MZ22516071,ACHR002071,14744-15929,-
MZ22516940,ASIS013821,46748-47776,+,MZ22516071,AEPI002397,152237-153425,-
MZ22516940,ASIS013821,46748-47776,+,MZ22516071,AGAP009349,31590412-31591699,+
MZ22516940,ASIS013821,46748-47776,+,MZ22516071,AMEM001213,823533-824816,+
MZ22516940,ASIS013821,46748-47776,+,MZ22516071,AQUA003330,187911-189198,-
MZ22501194,ADIR009546,1530584-1546944,+,MZ22503731,AALB010189,7107177-7110034,-
MZ22501194,ADIR009546,1530584-1546944,+,MZ22503731,AARA003329,1978312-1981147,+
MZ22501194,ADIR009546,1530584-1546944,+,MZ22503731,AATE002591,2555933-2557672,-
MZ22501194,ADIR009546,1530584-1546944,+,MZ22503731,ACHR002845,5426-8247,+
MZ22501194,ADIR009546,1530584-1546944,+,MZ22503731,ACUA000046,19535-21999,+
MZ22501194,ADIR009546,1530584-1546944,+,MZ22503731,ADAC010509,39283-42119,+
MZ22501194,ADIR009546,1530584-1546944,+,MZ22503731,AEPI004333,128223-131063,+
MZ22501194,ADIR009546,1530584-1546944,+,MZ22503731,AFUN005373,391973-394803,+
MZ22501194,ADIR009546,1530584-1546944,+,MZ22503731,AGAP012245,39287141-39289933,+
MZ22501194,ADIR009546,1530584-1546944,+,MZ22503731,AMEC016505,8638-11373,-
MZ22501194,ADIR009546,1530584-1546944,+,MZ22503731,AMEM013771,3011-5744,+
MZ22501194,ADIR009546,1530584-1546944,+,MZ22503731,AQUA007803,570204-573039,-
MZ22501194,ADIR009546,1530584-1546944,+,MZ22503731,ASIS016623,41215-44064,+
MZ22501194,ADIR009546,1530584-1546944,+,MZ22503731,ASTE011528,102625-105446,-
MZ22501194,AFAF010504,291401-293986,+,MZ22503731,AALB010189,7107177-7110034,-
MZ22501194,AFAF010504,291401-293986,+,MZ22503731,AARA003329,1978312-1981147,+
MZ22501194,AFAF010504,291401-293986,+,MZ22503731,AATE002591,2555933-2557672,-
MZ22501194,AFAF010504,291401-293986,+,MZ22503731,ACHR002845,5426-8247,+
MZ22501194,AFAF010504,291401-293986,+,MZ22503731,ACUA000046,19535-21999,+
MZ22501194,AFAF010504,291401-293986,+,MZ22503731,ADAC010509,39283-42119,+
MZ22501194,AFAF010504,291401-293986,+,MZ22503731,AEPI004333,128223-131063,+
MZ22501194,AFAF010504,291401-293986,+,MZ22503731,AFUN005373,391973-394803,+
MZ22501194,AFAF010504,291401-293986,+,MZ22503731,AGAP012245,39287141-39289933,+
MZ22501194,AFAF010504,291401-293986,+,MZ22503731,AMEC016505,8638-11373,-
MZ22501194,AFAF010504,291401-293986,+,MZ22503731,AMEM013771,3011-5744,+
MZ22501194,AFAF010504,291401-293986,+,MZ22503731,AQUA007803,570204-573039,-
MZ22501194,AFAF010504,291401-293986,+,MZ22503731,ASIS016623,41215-44064,+
MZ22501194,AFAF010504,291401-293986,+,MZ22503731,ASTE011528,102625-105446,-
MZ22501194,AMIN006924,1627801-1654291,-,MZ22503731,AALB010189,7107177-7110034,-
MZ22501194,AMIN006924,1627801-1654291,-,MZ22503731,AARA003329,1978312-1981147,+
MZ22501194,AMIN006924,1627801-1654291,-,MZ22503731,AATE002591,2555933-2557672,-
MZ22501194,AMIN006924,1627801-1654291,-,MZ22503731,ACHR002845,5426-8247,+
MZ22501194,AMIN006924,1627801-1654291,-,MZ22503731,ACUA000046,19535-21999,+
MZ22501194,AMIN006924,1627801-1654291,-,MZ22503731,ADAC010509,39283-42119,+
MZ22501194,AMIN006924,1627801-1654291,-,MZ22503731,AEPI004333,128223-131063,+
MZ22501194,AMIN006924,1627801-1654291,-,MZ22503731,AFUN005373,391973-394803,+
MZ22501194,AMIN006924,1627801-1654291,-,MZ22503731,AGAP012245,39287141-39289933,+
MZ22501194,AMIN006924,1627801-1654291,-,MZ22503731,AMEC016505,8638-11373,-
MZ22501194,AMIN006924,1627801-1654291,-,MZ22503731,AMEM013771,3011-5744,+
MZ22501194,AMIN006924,1627801-1654291,-,MZ22503731,AQUA007803,570204-573039,-
MZ22501194,AMIN006924,1627801-1654291,-,MZ22503731,ASIS016623,41215-44064,+
MZ22501194,AMIN006924,1627801-1654291,-,MZ22503731,ASTE011528,102625-105446,-
MZ22501194,AFAF010504,291401-293986,+,MZ22503731,ACUA000046,19535-21999,+
MZ22506632,AARA006588,484010-488243,-,MZ22502318,AATE012654,6648332-6659240,+
MZ22506632,AARA006588,484010-488243,-,MZ22502318,ACUA016051,885-3754,-
MZ22506632,AGAP012951,39202960-39205176,-,MZ22502318,ACUA016051,885-3754,-
MZ22506632,AQUA001684,5365956-5368140,+,MZ22502318,ACUA016051,885-3754,-
MZ22506632,AGAP012951,39202960-39205176,-,MZ22502318,ADIR010653,11621364-11626294,-
MZ22506632,AGAP012951,39202960-39205176,-,MZ22502318,AEPI000341,435066-440162,-
MZ22506632,AGAP012951,39202960-39205176,-,MZ22502318,AFAF010935,1195280-1198985,+
MZ22506632,AGAP012951,39202960-39205176,-,MZ22502318,AFUN002415,1709180-1714358,-
MZ22506632,AGAP012951,39202960-39205176,-,MZ22502318,AMEC017586,11821-21189,+
MZ22506632,AGAP012951,39202960-39205176,-,MZ22502318,AMEM006045,339923-350408,-
MZ22506632,AGAP012951,39202960-39205176,-,MZ22502318,AMIN000868,15611741-15619286,+
MZ22506632,AGAP012951,39202960-39205176,-,MZ22502318,ASTE011011,361084-366600,-
MZ22506632,AQUA001684,5365956-5368140,+,MZ22502318,ADIR010653,11621364-11626294,-
MZ22506632,AQUA001684,5365956-5368140,+,MZ22502318,AEPI000341,435066-440162,-
MZ22506632,AQUA001684,5365956-5368140,+,MZ22502318,AFAF010935,1195280-1198985,+
MZ22506632,AQUA001684,5365956-5368140,+,MZ22502318,AFUN002415,1709180-1714358,-
MZ22506632,AQUA001684,5365956-5368140,+,MZ22502318,AMEC017586,11821-21189,+
MZ22506632,AQUA001684,5365956-5368140,+,MZ22502318,AMEM006045,339923-350408,-
MZ22506632,AQUA001684,5365956-5368140,+,MZ22502318,AMIN000868,15611741-15619286,+
MZ22506632,AQUA001684,5365956-5368140,+,MZ22502318,ASTE011011,361084-366600,-
MZ22510658,AALB005895,25507743-25514788,+,MZ22509401,AARA003038,3186736-3188444,-
MZ22510658,AALB005895,25507743-25514788,+,MZ22509401,AATE007503,904521-906238,-
MZ22510658,AALB005895,25507743-25514788,+,MZ22509401,ACUA014660,35566-39483,+
MZ22510658,AALB005895,25507743-25514788,+,MZ22509401,ADIR003763,3422657-3424370,-
MZ22510658,AALB005895,25507743-25514788,+,MZ22509401,AEPI002091,117523-119019,-
MZ22510658,AALB005895,25507743-25514788,+,MZ22509401,AFAF000818,52917-54638,-
MZ22510658,AALB005895,25507743-25514788,+,MZ22509401,AFUN009664,609205-610905,+
MZ22510658,AALB005895,25507743-25514788,+,MZ22509401,AGAP005141,10468143-10469860,+
MZ22510658,AALB005895,25507743-25514788,+,MZ22509401,AMEC001307,20772-22479,-
MZ22510658,AALB005895,25507743-25514788,+,MZ22509401,AMEM005228,144527-146267,+
MZ22510658,AALB005895,25507743-25514788,+,MZ22509401,AMIN007304,349940-351627,+
MZ22510658,AALB005895,25507743-25514788,+,MZ22509401,AQUA009946,348314-350025,+
MZ22510658,AALB005895,25507743-25514788,+,MZ22509401,ASIS021264,172469-174896,+
MZ22510658,AALB005895,25507743-25514788,+,MZ22509401,ASTE005110,266691-268546,+
MZ22510658,ACHR007626,2075-3754,-,MZ22509401,AARA003038,3186736-3188444,-
MZ22510658,ACHR007626,2075-3754,-,MZ22509401,AATE007503,904521-906238,-
MZ22510658,ACHR007626,2075-3754,-,MZ22509401,ACUA014660,35566-39483,+
MZ22510658,ACHR007626,2075-3754,-,MZ22509401,ADIR003763,3422657-3424370,-
MZ22510658,ACHR007626,2075-3754,-,MZ22509401,AEPI002091,117523-119019,-
MZ22510658,ACHR007626,2075-3754,-,MZ22509401,AFAF000818,52917-54638,-
MZ22510658,ACHR007626,2075-3754,-,MZ22509401,AFUN009664,609205-610905,+
MZ22510658,ACHR007626,2075-3754,-,MZ22509401,AGAP005141,10468143-10469860,+
MZ22510658,ACHR007626,2075-3754,-,MZ22509401,AMEC001307,20772-22479,-
MZ22510658,ACHR007626,2075-3754,-,MZ22509401,AMEM005228,144527-146267,+
MZ22510658,ACHR007626,2075-3754,-,MZ22509401,AMIN007304,349940-351627,+
MZ22510658,ACHR007626,2075-3754,-,MZ22509401,AQUA009946,348314-350025,+
MZ22510658,ACHR007626,2075-3754,-,MZ22509401,ASIS021264,172469-174896,+
MZ22510658,ACHR007626,2075-3754,-,MZ22509401,ASTE005110,266691-268546,+
MZ22512069,AALB006455,2371218-2374267,-,MZ22507380,AARA010528,5354453-5360097,-
MZ22512069,AALB006455,2371218-2374267,-,MZ22507380,AATE005699,3286856-3294760,+
MZ22512069,AALB006455,2371218-2374267,-,MZ22507380,ACUA026099,21262-24449,+
MZ22512069,AALB006455,2371218-2374267,-,MZ22507380,AEPI002990,93771-96681,+
MZ22512069,AALB006455,2371218-2374267,-,MZ22507380,AFAF009203,171691-174889,-
MZ22512069,AALB006455,2371218-2374267,-,MZ22507380,AFUN002849,627488-630628,+
MZ22512069,AALB006455,2371218-2374267,-,MZ22507380,AGAP000528,9476781-9479515,+
MZ22512069,AALB006455,2371218-2374267,-,MZ22507380,AMEM017602,1104532-1113307,-
MZ22512069,AALB006455,2371218-2374267,-,MZ22507380,AMIN005274,2970789-2973443,+
MZ22512069,AALB006455,2371218-2374267,-,MZ22507380,AQUA008205,253774-256773,-
MZ22512069,AALB006455,2371218-2374267,-,MZ22507380,ASIS008673,103673-111093,-
MZ22512069,AALB006455,2371218-2374267,-,MZ22507380,ASTE007725,456580-459733,-
MZ22512069,ACHR006668,5066-7944,-,MZ22507380,AARA010528,5354453-5360097,-
MZ22512069,ACHR006668,5066-7944,-,MZ22507380,AATE005699,3286856-3294760,+
MZ22512069,ACHR006668,5066-7944,-,MZ22507380,ACUA026099,21262-24449,+
MZ22512069,ACHR006668,5066-7944,-,MZ22507380,AEPI002990,93771-96681,+
MZ22512069,ACHR006668,5066-7944,-,MZ22507380,AFAF009203,171691-174889,-
MZ22512069,ACHR006668,5066-7944,-,MZ22507380,AFUN002849,627488-630628,+
MZ22512069,ACHR006668,5066-7944,-,MZ22507380,AGAP000528,9476781-9479515,+
MZ22512069,ACHR006668,5066-7944,-,MZ22507380,AMEM017602,1104532-1113307,-
MZ22512069,ACHR006668,5066-7944,-,MZ22507380,AMIN005274,2970789-2973443,+
MZ22512069,ACHR006668,5066-7944,-,MZ22507380,AQUA008205,253774-256773,-
MZ22512069,ACHR006668,5066-7944,-,MZ22507380,ASIS008673,103673-111093,-
MZ22512069,ACHR006668,5066-7944,-,MZ22507380,ASTE007725,456580-459733,-
MZ22512069,ADAC000066,10717-22390,+,MZ22507380,AARA010528,5354453-5360097,-
MZ22512069,ADAC000066,10717-22390,+,MZ22507380,AATE005699,3286856-3294760,+
MZ22512069,ADAC000066,10717-22390,+,MZ22507380,ACUA026099,21262-24449,+
MZ22512069,ADAC000066,10717-22390,+,MZ22507380,AEPI002990,93771-96681,+
MZ22512069,ADAC000066,10717-22390,+,MZ22507380,AFAF009203,171691-174889,-
MZ22512069,ADAC000066,10717-22390,+,MZ22507380,AFUN002849,627488-630628,+
MZ22512069,ADAC000066,10717-22390,+,MZ22507380,AGAP000528,9476781-9479515,+
MZ22512069,ADAC000066,10717-22390,+,MZ22507380,AMEM017602,1104532-1113307,-
MZ22512069,ADAC000066,10717-22390,+,MZ22507380,AMIN005274,2970789-2973443,+
MZ22512069,ADAC000066,10717-22390,+,MZ22507380,AQUA008205,253774-256773,-
MZ22512069,ADAC000066,10717-22390,+,MZ22507380,ASIS008673,103673-111093,-
MZ22512069,ADAC000066,10717-22390,+,MZ22507380,ASTE007725,456580-459733,-
MZ22512069,AALB006455,2371218-2374267,-,MZ22507380,AARA010528,5354453-5360097,-
MZ22512069,AALB006455,2371218-2374267,-,MZ22507380,AATE005699,3286856-3294760,+
MZ22512069,AALB006455,2371218-2374267,-,MZ22507380,ACUA026099,21262-24449,+
MZ22512069,AALB006455,2371218-2374267,-,MZ22507380,ADIR001035,90921-93063,+
MZ22512069,AALB006455,2371218-2374267,-,MZ22507380,AEPI002990,93771-96681,+
MZ22512069,AALB006455,2371218-2374267,-,MZ22507380,AFAF009203,171691-174889,-
MZ22512069,AALB006455,2371218-2374267,-,MZ22507380,AFUN002849,627488-630628,+
MZ22512069,AALB006455,2371218-2374267,-,MZ22507380,AGAP000528,9476781-9479515,+
MZ22512069,AALB006455,2371218-2374267,-,MZ22507380,AMEC009801,3-1143,-
MZ22512069,AALB006455,2371218-2374267,-,MZ22507380,AMEM017602,1104532-1113307,-
MZ22512069,AALB006455,2371218-2374267,-,MZ22507380,AMIN005274,2970789-2973443,+
MZ22512069,AALB006455,2371218-2374267,-,MZ22507380,AQUA008205,253774-256773,-
MZ22512069,AALB006455,2371218-2374267,-,MZ22507380,ASIS008673,103673-111093,-
MZ22512069,AALB006455,2371218-2374267,-,MZ22507380,ASTE007725,456580-459733,-
MZ22510658,ADAC000806,9077-10837,-,MZ22509401,AATE007503,904521-906238,-
MZ22510658,ADAC000806,9077-10837,-,MZ22509401,ADIR003763,3422657-3424370,-
MZ22510658,ADAC000806,9077-10837,-,MZ22509401,AFAF000818,52917-54638,-
MZ22510658,ADAC000806,9077-10837,-,MZ22509401,ASIS021264,172469-174896,+
MZ22526117,ADIR010892,1145803-1147269,-,MZ22519193,AALB000417,7815171-7822181,-
MZ22526117,ADIR010892,1145803-1147269,-,MZ22519193,AARA011013,5685437-5691627,+
MZ22526117,ADIR010892,1145803-1147269,-,MZ22519193,ADAC010198,359681-368690,-
MZ22526117,ADIR010892,1145803-1147269,-,MZ22519193,AEPI001841,279180-286138,+
MZ22526117,ADIR010892,1145803-1147269,-,MZ22519193,AFUN010567,213165-217901,+
MZ22526117,ADIR010892,1145803-1147269,-,MZ22519193,AMEM005938,221468-229877,-
MZ22526117,ADIR010892,1145803-1147269,-,MZ22519193,AMIN000991,287336-291976,+
MZ22526117,ADIR010892,1145803-1147269,-,MZ22519193,AQUA000257,834525-840143,-
MZ22526117,ADIR010892,1145803-1147269,-,MZ22519193,ASTE003255,1014445-1021768,+
MZ22522161,AEPI011253,2818-3915,+,MZ22502612,AARA009473,1860699-1863803,-
MZ22522161,AEPI011253,2818-3915,+,MZ22502612,ADAC002799,34129-36778,+
MZ22522161,AEPI011253,2818-3915,+,MZ22502612,AFUN014456,818673-821677,-
MZ22522161,AEPI011253,2818-3915,+,MZ22502612,AGAP028004,20805827-20809327,-
MZ22522161,AEPI011253,2818-3915,+,MZ22502612,AMEM013509,34050-37546,-
MZ22522161,AEPI011253,2818-3915,+,MZ22502612,AMIN014466,304628-306823,+
MZ22522161,AEPI011253,2818-3915,+,MZ22502612,AQUA011511,583565-586675,-
MZ22522161,AEPI011253,2818-3915,+,MZ22502612,ASTE004551,553914-557239,+
MZ22522073,AARA008821,351160-351702,+,MZ22515097,AFAF018629,123491-125691,+
MZ22522073,AARA008821,351160-351702,+,MZ22515097,AGAP010885,12478591-12480731,-
MZ22522073,AARA008821,351160-351702,+,MZ22515097,AMEM009207,298537-300285,+
MZ22522073,AARA008821,351160-351702,+,MZ22515097,AMIN009276,2119368-2123012,-
MZ22522073,ACUA026794,587-1129,-,MZ22515097,AFAF018629,123491-125691,+
MZ22522073,ACUA026794,587-1129,-,MZ22515097,AGAP010885,12478591-12480731,-
MZ22522073,ACUA026794,587-1129,-,MZ22515097,AMEM009207,298537-300285,+
MZ22522073,ACUA026794,587-1129,-,MZ22515097,AMIN009276,2119368-2123012,-
MZ22506124,AALB009733,2583817-2590414,+,MZ22502935,AARA004388,5657071-5661332,-
MZ22506124,AALB009733,2583817-2590414,+,MZ22502935,ACHR001124,36595-40716,+
MZ22506124,AALB009733,2583817-2590414,+,MZ22502935,ADIR008435,2974886-2980150,-
MZ22506124,AALB009733,2583817-2590414,+,MZ22502935,AEPI003912,311560-314866,+
MZ22506124,AALB009733,2583817-2590414,+,MZ22502935,AFAF014735,685093-689318,+
MZ22506124,AALB009733,2583817-2590414,+,MZ22502935,AFUN000611,29243-34511,+
MZ22506124,AALB009733,2583817-2590414,+,MZ22502935,AGAP002476,21857345-21861615,+
MZ22506124,AALB009733,2583817-2590414,+,MZ22502935,AMEC007407,818-4103,-
MZ22506124,AALB009733,2583817-2590414,+,MZ22502935,AMEM013043,419250-423545,-
MZ22506124,AALB009733,2583817-2590414,+,MZ22502935,AMIN002748,7700419-7704637,+
MZ22506124,AALB009733,2583817-2590414,+,MZ22502935,AQUA009479,692492-696770,-
MZ22506124,AALB009733,2583817-2590414,+,MZ22502935,ASIS012323,10067-14118,-
MZ22506124,AALB009733,2583817-2590414,+,MZ22502935,ASTE008917,226473-230641,-
MZ22506124,AATE005947,15641826-15646909,-,MZ22502935,AARA004388,5657071-5661332,-
MZ22506124,AATE005947,15641826-15646909,-,MZ22502935,ACHR001124,36595-40716,+
MZ22506124,AATE005947,15641826-15646909,-,MZ22502935,ADIR008435,2974886-2980150,-
MZ22506124,AATE005947,15641826-15646909,-,MZ22502935,AEPI003912,311560-314866,+
MZ22506124,AATE005947,15641826-15646909,-,MZ22502935,AFAF014735,685093-689318,+
MZ22506124,AATE005947,15641826-15646909,-,MZ22502935,AFUN000611,29243-34511,+
MZ22506124,AATE005947,15641826-15646909,-,MZ22502935,AGAP002476,21857345-21861615,+
MZ22506124,AATE005947,15641826-15646909,-,MZ22502935,AMEC007407,818-4103,-
MZ22506124,AATE005947,15641826-15646909,-,MZ22502935,AMEM013043,419250-423545,-
MZ22506124,AATE005947,15641826-15646909,-,MZ22502935,AMIN002748,7700419-7704637,+
MZ22506124,AATE005947,15641826-15646909,-,MZ22502935,AQUA009479,692492-696770,-
MZ22506124,AATE005947,15641826-15646909,-,MZ22502935,ASIS012323,10067-14118,-
MZ22506124,AATE005947,15641826-15646909,-,MZ22502935,ASTE008917,226473-230641,-
MZ22506124,ADAC004267,29256-33264,-,MZ22502935,AARA004388,5657071-5661332,-
MZ22506124,ADAC004267,29256-33264,-,MZ22502935,ACHR001124,36595-40716,+
MZ22506124,ADAC004267,29256-33264,-,MZ22502935,ADIR008435,2974886-2980150,-
MZ22506124,ADAC004267,29256-33264,-,MZ22502935,AEPI003912,311560-314866,+
MZ22506124,ADAC004267,29256-33264,-,MZ22502935,AFAF014735,685093-689318,+
MZ22506124,ADAC004267,29256-33264,-,MZ22502935,AFUN000611,29243-34511,+
MZ22506124,ADAC004267,29256-33264,-,MZ22502935,AGAP002476,21857345-21861615,+
MZ22506124,ADAC004267,29256-33264,-,MZ22502935,AMEC007407,818-4103,-
MZ22506124,ADAC004267,29256-33264,-,MZ22502935,AMEM013043,419250-423545,-
MZ22506124,ADAC004267,29256-33264,-,MZ22502935,AMIN002748,7700419-7704637,+
MZ22506124,ADAC004267,29256-33264,-,MZ22502935,AQUA009479,692492-696770,-
MZ22506124,ADAC004267,29256-33264,-,MZ22502935,ASIS012323,10067-14118,-
MZ22506124,ADAC004267,29256-33264,-,MZ22502935,ASTE008917,226473-230641,-
MZ22506124,ADAC004267,29256-33264,-,MZ22502935,AARA004388,5657071-5661332,-
MZ22506124,ADAC004267,29256-33264,-,MZ22502935,ACHR001124,36595-40716,+
MZ22506124,ADAC004267,29256-33264,-,MZ22502935,ACUA026402,197-4347,+
MZ22506124,ADAC004267,29256-33264,-,MZ22502935,AEPI003912,311560-314866,+
MZ22506124,ADAC004267,29256-33264,-,MZ22502935,AFAF014735,685093-689318,+
MZ22506124,ADAC004267,29256-33264,-,MZ22502935,AGAP002476,21857345-21861615,+
MZ22506124,ADAC004267,29256-33264,-,MZ22502935,AMEM013043,419250-423545,-
MZ22506124,ADAC004267,29256-33264,-,MZ22502935,AMIN002748,7700419-7704637,+
MZ22506124,ADAC004267,29256-33264,-,MZ22502935,AQUA009479,692492-696770,-
MZ22506124,ADAC004267,29256-33264,-,MZ22502935,ASIS012323,10067-14118,-
MZ22506124,ADAC004267,29256-33264,-,MZ22502935,ASTE008917,226473-230641,-
MZ22520997,AATE013378,7227610-7228614,+,MZ22515611,AALB008417,10078402-10080935,+
MZ22520997,AATE013378,7227610-7228614,+,MZ22515611,ADAC003425,93337-94591,+
MZ22520997,AQUA006085,736863-737720,+,MZ22515611,AARA001213,709897-711399,+
MZ22520997,AQUA006085,736863-737720,+,MZ22515611,ACUA009189,77482-78720,+
MZ22520997,AQUA006085,736863-737720,+,MZ22515611,ADIR003313,15146832-15148086,+
MZ22520997,AQUA006085,736863-737720,+,MZ22515611,AEPI001277,11129-12337,-
MZ22520997,AQUA006085,736863-737720,+,MZ22515611,AFAF012256,18864-28724,-
MZ22520997,AQUA006085,736863-737720,+,MZ22515611,AFUN010925,36390-37628,-
MZ22520997,AQUA006085,736863-737720,+,MZ22515611,AGAP003114,32512705-32550718,+
MZ22520997,AQUA006085,736863-737720,+,MZ22515611,AMIN003805,23555410-23556656,+
MZ22520997,AQUA006085,736863-737720,+,MZ22515611,ASTE009969,632652-633867,+
MZ22520997,AQUA006085,736863-737720,+,MZ22515611,AARA001213,709897-711399,+
MZ22520997,AQUA006085,736863-737720,+,MZ22515611,ADIR003313,15146832-15148086,+
MZ22520997,AATE013378,7227610-7228614,+,MZ22515611,AGAP003114,32512705-32550718,+
MZ22520997,AMEM004983,13075-13395,+,MZ22515611,AGAP003114,32512705-32550718,+
MZ22520997,AMEM004983,13075-13395,+,MZ22515611,ACUA009189,77482-78720,+
MZ22518279,ACUA011226,25036-31760,-,MZ22511606,AALB001832,8808338-8811227,-
MZ22518279,ACUA011226,25036-31760,-,MZ22526701,AATE019334,6053511-6054196,-
MZ22518279,ACUA011226,25036-31760,-,MZ22511606,AATE011967,6060941-6063819,-
MZ22518279,ACUA011226,25036-31760,-,MZ22511606,ADIR006804,529560-532196,+
MZ22518279,ACUA011226,25036-31760,-,MZ22511606,AFAF003768,468453-471332,-
MZ22518279,ACUA011226,25036-31760,-,MZ22511606,ASIS012692,36369-40447,-
MZ22518279,AFUN009996,67054-69872,-,MZ22511606,AARA009444,1532001-1537186,+
MZ22518279,AFUN009996,67054-69872,-,MZ22511606,AEPI003147,153200-155896,+
MZ22518279,AFUN009996,67054-69872,-,MZ22511606,AGAP028170,20479508-20482393,+
MZ22518279,AFUN009996,67054-69872,-,MZ22511606,AMAM020177,37-1997,+
MZ22518279,AFUN009996,67054-69872,-,MZ22511606,AMEM006692,891785-894662,+
MZ22518279,AFUN009996,67054-69872,-,MZ22511606,ASTE001274,238848-241493,-
MZ22518279,AMIN001663,918189-920777,+,MZ22511606,AARA009444,1532001-1537186,+
MZ22518279,AMIN001663,918189-920777,+,MZ22511606,AEPI003147,153200-155896,+
MZ22518279,AMIN001663,918189-920777,+,MZ22511606,AGAP028170,20479508-20482393,+
MZ22518279,AMIN001663,918189-920777,+,MZ22511606,AMAM020177,37-1997,+
MZ22518279,AMIN001663,918189-920777,+,MZ22511606,AMEM006692,891785-894662,+
MZ22518279,AMIN001663,918189-920777,+,MZ22511606,ASTE001274,238848-241493,-
MZ22518279,AFUN009996,67054-69872,-,MZ22511606,ADIR006804,529560-532196,+
MZ22518279,AFUN009996,67054-69872,-,MZ22511606,AEPI003147,153200-155896,+
MZ22518279,AFUN009996,67054-69872,-,MZ22511606,AFAF003768,468453-471332,-
MZ22518279,AMIN001663,918189-920777,+,MZ22511606,ADIR006804,529560-532196,+
MZ22518279,AMIN001663,918189-920777,+,MZ22511606,AEPI003147,153200-155896,+
MZ22518279,AMIN001663,918189-920777,+,MZ22511606,AFAF003768,468453-471332,-
MZ22508040,AALB002711,22787750-22802713,+,MZ22503867,AARA006999,5704676-5707598,-
MZ22508040,AALB002711,22787750-22802713,+,MZ22503867,AATE016312,5069807-5072497,+
MZ22508040,AALB002711,22787750-22802713,+,MZ22503867,ACHR000319,21396-24057,-
MZ22508040,AALB002711,22787750-22802713,+,MZ22503867,ADIR003083,11324518-11339654,+
MZ22508040,AALB002711,22787750-22802713,+,MZ22503867,AEPI009343,185502-188196,-
MZ22508040,AALB002711,22787750-22802713,+,MZ22503867,AFAF005045,443437-446487,-
MZ22508040,AALB002711,22787750-22802713,+,MZ22503867,AFUN011030,273378-276022,-
MZ22508040,AALB002711,22787750-22802713,+,MZ22503867,AGAP013214,12674689-12677350,+
MZ22508040,AALB002711,22787750-22802713,+,MZ22503867,AMEM003037,415730-418406,+
MZ22508040,AALB002711,22787750-22802713,+,MZ22503867,AMIN000498,8342928-8345586,+
MZ22508040,AALB002711,22787750-22802713,+,MZ22503867,AQUA007176,2118524-2121337,-
MZ22508040,AALB002711,22787750-22802713,+,MZ22503867,ASIS023016,76840-79520,+
MZ22508040,AALB002711,22787750-22802713,+,MZ22503867,ASTE007902,258135-260805,-
MZ22508040,ACUA008489,8016-13680,-,MZ22503867,AARA006999,5704676-5707598,-
MZ22508040,ACUA008489,8016-13680,-,MZ22503867,AATE016312,5069807-5072497,+
MZ22508040,ACUA008489,8016-13680,-,MZ22503867,ACHR000319,21396-24057,-
MZ22508040,ACUA008489,8016-13680,-,MZ22503867,ADIR003083,11324518-11339654,+
MZ22508040,ACUA008489,8016-13680,-,MZ22503867,AEPI009343,185502-188196,-
MZ22508040,ACUA008489,8016-13680,-,MZ22503867,AFAF005045,443437-446487,-
MZ22508040,ACUA008489,8016-13680,-,MZ22503867,AFUN011030,273378-276022,-
MZ22508040,ACUA008489,8016-13680,-,MZ22503867,AGAP013214,12674689-12677350,+
MZ22508040,ACUA008489,8016-13680,-,MZ22503867,AMEM003037,415730-418406,+
MZ22508040,ACUA008489,8016-13680,-,MZ22503867,AMIN000498,8342928-8345586,+
MZ22508040,ACUA008489,8016-13680,-,MZ22503867,AQUA007176,2118524-2121337,-
MZ22508040,ACUA008489,8016-13680,-,MZ22503867,ASIS023016,76840-79520,+
MZ22508040,ACUA008489,8016-13680,-,MZ22503867,ASTE007902,258135-260805,-
MZ22508040,ADAC005948,105681-108471,-,MZ22503867,AARA006999,5704676-5707598,-
MZ22508040,ADAC005948,105681-108471,-,MZ22503867,AATE016312,5069807-5072497,+
MZ22508040,ADAC005948,105681-108471,-,MZ22503867,ACHR000319,21396-24057,-
MZ22508040,ADAC005948,105681-108471,-,MZ22503867,ADIR003083,11324518-11339654,+
MZ22508040,ADAC005948,105681-108471,-,MZ22503867,AEPI009343,185502-188196,-
MZ22508040,ADAC005948,105681-108471,-,MZ22503867,AFAF005045,443437-446487,-
MZ22508040,ADAC005948,105681-108471,-,MZ22503867,AFUN011030,273378-276022,-
MZ22508040,ADAC005948,105681-108471,-,MZ22503867,AGAP013214,12674689-12677350,+
MZ22508040,ADAC005948,105681-108471,-,MZ22503867,AMEM003037,415730-418406,+
MZ22508040,ADAC005948,105681-108471,-,MZ22503867,AMIN000498,8342928-8345586,+
MZ22508040,ADAC005948,105681-108471,-,MZ22503867,AQUA007176,2118524-2121337,-
MZ22508040,ADAC005948,105681-108471,-,MZ22503867,ASIS023016,76840-79520,+
MZ22508040,ADAC005948,105681-108471,-,MZ22503867,ASTE007902,258135-260805,-
MZ22508040,ADAC005948,105681-108471,-,MZ22507529,AARA007000,5708804-5711032,-
MZ22508040,ADAC005948,105681-108471,-,MZ22507529,AATE006615,5066838-5069157,+
MZ22508040,ADAC005948,105681-108471,-,MZ22507529,ADIR003082,11308324-11310420,+
MZ22508040,ADAC005948,105681-108471,-,MZ22507529,AEPI009344,189208-191422,-
MZ22508040,ADAC005948,105681-108471,-,MZ22507529,AFAF008188,447072-449174,-
MZ22508040,ADAC005948,105681-108471,-,MZ22507529,AFUN011031,288081-290827,-
MZ22508040,ADAC005948,105681-108471,-,MZ22507529,AGAP001938,12671710-12673939,+
MZ22508040,ADAC005948,105681-108471,-,MZ22507529,AMEM005831,412713-414939,+
MZ22508040,ADAC005948,105681-108471,-,MZ22507529,AMIN000497,8339799-8341903,+
MZ22508040,ADAC005948,105681-108471,-,MZ22507529,AQUA007177,2121990-2124216,-
MZ22508040,ADAC005948,105681-108471,-,MZ22507529,ASIS003019,73769-76000,+
MZ22508040,ADAC005948,105681-108471,-,MZ22507529,ASTE007903,262072-264275,-
MZ22520185,AALB007323,742862-746866,-,MZ22521381,ADIR008614,874188-874604,+
MZ22520185,AALB007323,742862-746866,-,MZ22521381,AMIN011511,18992936-18994153,+
MZ22520185,AALB007323,742862-746866,-,MZ22521381,ASTE009247,1002244-1003197,-
MZ22520185,AGAP012441,1043444-1070839,-,MZ22521381,AARA003156,5239423-5244353,-
MZ22520185,AGAP012441,1043444-1070839,-,MZ22521381,AEPI002317,65132-65494,+
MZ22520185,AGAP012441,1043444-1070839,-,MZ22521381,AQUA003470,936204-937018,-
MZ22520185,AGAP012441,1043444-1070839,-,MZ22521381,ADIR008614,874188-874604,+
MZ22524393,AFUN011483,32053-33292,+,MZ22513599,AALB010563,12864914-12865888,-
MZ22524393,AFUN011483,32053-33292,+,MZ22513599,AARA000121,627908-628999,-
MZ22524393,AFUN011483,32053-33292,+,MZ22513599,AATE002995,273743-274831,-
MZ22524393,AFUN011483,32053-33292,+,MZ22513599,ADAC000115,43518-65013,+
MZ22524393,AFUN011483,32053-33292,+,MZ22513599,ADIR000093,1610521-1611615,+
MZ22524393,AFUN011483,32053-33292,+,MZ22513599,AEPI006659,278237-279328,+
MZ22524393,AFUN011483,32053-33292,+,MZ22513599,AMIN008381,2606412-2607503,+
MZ22524393,AFUN011483,32053-33292,+,MZ22513599,ASTE008268,554287-555369,+
MZ22524393,AQUA005069,218848-222128,+,MZ22513599,AALB010563,12864914-12865888,-
MZ22524393,AQUA005069,218848-222128,+,MZ22513599,AARA000121,627908-628999,-
MZ22524393,AQUA005069,218848-222128,+,MZ22513599,AATE002995,273743-274831,-
MZ22524393,AQUA005069,218848-222128,+,MZ22513599,ADAC000115,43518-65013,+
MZ22524393,AQUA005069,218848-222128,+,MZ22513599,ADIR000093,1610521-1611615,+
MZ22524393,AQUA005069,218848-222128,+,MZ22513599,AEPI006659,278237-279328,+
MZ22524393,AQUA005069,218848-222128,+,MZ22513599,AMIN008381,2606412-2607503,+
MZ22524393,AQUA005069,218848-222128,+,MZ22513599,ASTE008268,554287-555369,+
MZ22524393,AQUA005069,218848-222128,+,MZ22513599,AARA000121,627908-628999,-
MZ22524393,AQUA005069,218848-222128,+,MZ22513599,AMEM005709,352271-352606,-
MZ22503562,AFAF007752,17525-24955,-,MZ22502439,AALB008534,11850305-11856954,-
MZ22503562,AFAF007752,17525-24955,-,MZ22502439,AARA011492,250802-258887,-
MZ22503562,AFAF007752,17525-24955,-,MZ22502439,AATE008643,5845766-5855018,-
MZ22503562,AFAF007752,17525-24955,-,MZ22502439,ACUA016927,26710-33544,-
MZ22503562,AFAF007752,17525-24955,-,MZ22502439,ADAC010376,36555-43431,-
MZ22503562,AFAF007752,17525-24955,-,MZ22502439,ADIR002907,8589965-8597302,-
MZ22503562,AFAF007752,17525-24955,-,MZ22502439,AEPI003944,161380-168082,+
MZ22503562,AFAF007752,17525-24955,-,MZ22502439,AGAP004310,54360758-54368022,+
MZ22503562,AFAF007752,17525-24955,-,MZ22502439,AMIN002991,10371567-10378428,-
MZ22503562,AFAF007752,17525-24955,-,MZ22502439,ASTE000874,397806-411261,-
MZ22503562,AFUN001476,315861-328072,+,MZ22502439,AALB008534,11850305-11856954,-
MZ22503562,AFUN001476,315861-328072,+,MZ22502439,AARA011492,250802-258887,-
MZ22503562,AFUN001476,315861-328072,+,MZ22502439,AATE008643,5845766-5855018,-
MZ22503562,AFUN001476,315861-328072,+,MZ22502439,ACUA016927,26710-33544,-
MZ22503562,AFUN001476,315861-328072,+,MZ22502439,ADAC010376,36555-43431,-
MZ22503562,AFUN001476,315861-328072,+,MZ22502439,ADIR002907,8589965-8597302,-
MZ22503562,AFUN001476,315861-328072,+,MZ22502439,AEPI003944,161380-168082,+
MZ22503562,AFUN001476,315861-328072,+,MZ22502439,AGAP004310,54360758-54368022,+
MZ22503562,AFUN001476,315861-328072,+,MZ22502439,AMIN002991,10371567-10378428,-
MZ22503562,AFUN001476,315861-328072,+,MZ22502439,ASTE000874,397806-411261,-
MZ22503562,AFAF007752,17525-24955,-,MZ22507874,AALB008535,11861098-11862822,-
MZ22503562,AFAF007752,17525-24955,-,MZ22507874,AATE020396,5857195-5858928,-
MZ22503562,AFAF007752,17525-24955,-,MZ22507874,ADAC010383,47601-49325,-
MZ22503562,AFAF007752,17525-24955,-,MZ22507874,ASIS013211,162873-164612,+
MZ22503562,AFUN001476,315861-328072,+,MZ22507874,AARA011493,262243-264006,-
MZ22503562,AFUN001476,315861-328072,+,MZ22507874,ACHR003459,8055-9809,-
MZ22503562,AFUN001476,315861-328072,+,MZ22507874,ACUA003322,37252-39027,-
MZ22503562,AFUN001476,315861-328072,+,MZ22507874,ADIR002908,8600748-8602505,-
MZ22503562,AFUN001476,315861-328072,+,MZ22507874,AEPI003943,155467-157221,+
MZ22503562,AFUN001476,315861-328072,+,MZ22507874,AGAP004309,54355380-54357143,+
MZ22503562,AFUN001476,315861-328072,+,MZ22507874,AMIN002992,10382144-10383907,-
MZ22503562,AFUN001476,315861-328072,+,MZ22507874,AQUA006229,277311-279074,-
MZ22503562,AFUN001476,315861-328072,+,MZ22507874,ASTE000875,417161-418954,-
